"relative_path","bytes","sha256"
"41467_2022_29366_MOESM6_ESM.gz","263147814","5c6d7ee8638f27a5ff9600b01b7f35cab886db94319cccb2010608e93dfd83ce"
"41467_2022_29366_MOESM7_ESM.xlsx","3399734","537e9b843b769b6fca741090d436cc5046bf79cd6d9a9c386c123cdd1343ee37"
"41467_2022_29366_MOESM9_ESM.xlsx","34709129","e32d1708174e0a46bc0ae2aad3c86b6e77b3189248338abf5d23b85c473a5981"
"CANVAS_like_CRC_FAP_SPP1_spot_habitats.csv","1765129","4f225082a648f2380ad08210a7a51ee36b9191613680cb02df6297e1ae249ee4"
"cbioportal_coadread_tcga_rppa_sample_ids.txt","8469","32b1f07d627ec91067be99a8caa9c66b27907031998ee5892cf0c9b9d8a4c26a"
"cbioportal_coadread_tcga_rppa_smad3_smad4_cdh1.csv","141572","8401de4c19e6f43ce8b306d0c285adf94976c5401d4323721012a6bf44fc237d"
"cbioportal_coad_cptac_2019_selected_proteins.csv","49154","718899ea362c632e90c35587e227fe012b3915473908c262819094bb6ae8a002"
"cbioportal_mantis_scores.csv","15442","8c0017dd7ad1c1b96b896cd04aa14eee680025b7f9a201241d11645a158545e4"
"CMS_stratified_data.csv","35144","b6ce901bff69be22f3d5fc149981f71858c23e5f6bc7fb15260d485656b9fdb9"
"GSE132465_cell_annotation.txt.gz","434022","4bf2ebdadc88da53b0c46e654a6576e841925addc25c981d7cdbc0d988b4677c"
"msi_status_clean.csv","3885","3518f07581504c50c5960235e95fd18844509c8e686bf8ad4649e7c7a5475d90"
"TCGA_COADREAD_expression.txt.gz","23048575","638787b82dafa219180606e052144c27b08e11f4de163e8d8c2f502a899fa46e"
"tcga_rna_rppa_merged.csv","18324","dde486caba53b2fd9919749bd03de4bff9e2ee8057c78ea2156722e5e039d6db"
"GSE166555/GSE166555_meta_data.tsv.gz","80927954","4aba042a64a71507db4fad088c8a03510a50a4e9b4202b9bab8d6b07e15303d5"
"GSE166555/GSE166555_RAW.tar","136632320","c5f7c1927be41f27778f5550de46c25b55bdabd60066b87ba4a6bd0d2c6e6b76"
"GSE166555/.GSE166555_meta_data.tsv.gz.parts/part_000","6743997","5daf792e1ea929a15e8a3eb99df88266139d93b9d0daf0d761223010dc9430f1"
"GSE166555/.GSE166555_meta_data.tsv.gz.parts/part_001","6743997","a327f7dc2645c1294d2eae512f8998fd3f8f1c04f470c8e4a7e767b2a841b0b5"
"GSE166555/.GSE166555_meta_data.tsv.gz.parts/part_002","6743997","a9086823cd13cf242f511c10911f80bb5af9c491038471a05883329c43db9491"
"GSE166555/.GSE166555_meta_data.tsv.gz.parts/part_003","6743997","586d7e555671f908beba661f1479d89e20b193ad72d9a85f39e980d9328c2afd"
"GSE166555/.GSE166555_meta_data.tsv.gz.parts/part_004","6743997","293a0860414b36f53267dcf69207222c5c6618e0ca463c2134c07722de4caf69"
"GSE166555/.GSE166555_meta_data.tsv.gz.parts/part_005","6743997","22073b4c3793f5145f2d5d79201b6a094259d2ce3bf03ea81ab791d9a9557ce6"
"GSE166555/.GSE166555_meta_data.tsv.gz.parts/part_006","6743997","24df1cfbc5b4f77d0e9789805e166581f55461f75016308df07f1a034aa93183"
"GSE166555/.GSE166555_meta_data.tsv.gz.parts/part_007","6743997","2a40b8a10392da461c9dcedaefc292606df774f4e8ee573aaded2586f4b3f8cc"
"GSE166555/.GSE166555_meta_data.tsv.gz.parts/part_008","6743997","7f8d2fd8b1e7ce75c799d22e955e468f1bffb4c1203bdf0f905853dfc0aa96be"
"GSE166555/.GSE166555_meta_data.tsv.gz.parts/part_009","6743997","3f49847f5f6e63e49fe0c9d92c3c369d61a4adc7e262e214da51e2cb33f5e055"
"GSE166555/.GSE166555_meta_data.tsv.gz.parts/part_010","6743997","08338ce0f7237e561999c714fd452907e823b1b1eb3200360111b7b3417a47b7"
"GSE166555/.GSE166555_meta_data.tsv.gz.parts/part_011","6743987","5e72b051d9afe6968335d858985bff39c037f9ffc52547ca2fd6bf4c5d140a3f"
"GSE166555/.GSE166555_RAW.tar.parts/part_000","8539520","08d6383f061839d7704942ac99f8ba7a519d72915f228f01fdc7d47ba4c8d0ff"
"GSE166555/.GSE166555_RAW.tar.parts/part_001","8539520","66b55540ddc8a26674c3636267c2e4288a66196451beed7fc40391d7578cbeca"
"GSE166555/.GSE166555_RAW.tar.parts/part_002","8539520","fc796c1da0413271c898c2d50804a8e0fe75cd139c958ad3370ebe68b0e7b0a8"
"GSE166555/.GSE166555_RAW.tar.parts/part_003","8539520","b4e6ed834d44676800c73953f1b7a7e2a4c9d9056166214a2b2c6453b992dba5"
"GSE166555/.GSE166555_RAW.tar.parts/part_004","8539520","99d628458a68fdccbef80acb2aa6209725b22b5d595baec914113e36ccca930a"
"GSE166555/.GSE166555_RAW.tar.parts/part_005","8539520","7c96fef8ed21c600ce16ec4b45a3d275401217f15acd7f3e62c2edd554f21b61"
"GSE166555/.GSE166555_RAW.tar.parts/part_006","8539520","d95aac7427c7eddd41447dbd9aa1fdf68a1aa88c126ab18ac8b13cc4af93b2aa"
"GSE166555/.GSE166555_RAW.tar.parts/part_007","8539520","0e2661222c467181ebd97060cb59edb4b0cac416e1d62e2082652c5d5274dcb3"
"GSE166555/.GSE166555_RAW.tar.parts/part_008","8539520","0a596b7e3407de93da640c488f4096065fea274640e83c57ab7081e3bd1de05f"
"GSE166555/.GSE166555_RAW.tar.parts/part_009","8539520","214973f05c23a03c8cfc178b1c874521d9d97ec312a19d84a5295a6ac8bfc4e7"
"GSE166555/.GSE166555_RAW.tar.parts/part_010","8539520","f10fef333f86b16ae2244c12cf064259f7df4964c9ba311ed3d457e1563ca075"
"GSE166555/.GSE166555_RAW.tar.parts/part_011","8539520","525ec487980859c6b86a9dfc9f7844ec9833c9d0ff73d1059e474adc22ef687f"
"GSE166555/.GSE166555_RAW.tar.parts/part_012","8539520","8248ae8d6d4943e0dedbb1719c8ebc4c30fc018f59b8d9cda993156cf0bc7c1f"
"GSE166555/.GSE166555_RAW.tar.parts/part_013","8539520","7689649012591414a8fe6ba948e8d9ad23dc5e33761eef42df92fbab2a53476e"
"GSE166555/.GSE166555_RAW.tar.parts/part_014","8539520","a603a6a4b96842bed58cadac469be9c1834940f5497ce54ca8e6429239ded0c9"
"GSE166555/.GSE166555_RAW.tar.parts/part_015","8539520","ef3811662b4c811ce4056989014019533d657a6b5b46ad7998b527d39b85d160"
"GSE166555/counts/GSM5075659_p007n.tsv.gz","2421896","5aa6c07676ec6c45aca76274d8afe6dcade6e0feb2ab67cc9fedd11a510f172d"
"GSE166555/counts/GSM5075660_p007t.tsv.gz","4473743","643fe361c6f145a4fc99b28df8b77324cc26fa1d616c6220325379155a07f532"
"GSE166555/counts/GSM5075661_p008n.tsv.gz","2864385","98d515f0d2020300e8d54abf7416a523fbd244a401cace57df1ef3b4dbc5de47"
"GSE166555/counts/GSM5075662_p008t.tsv.gz","7355391","80a0f06eca20ff0baac25cfbd132a68caa2807e7d2af250db9673c83cfd63c31"
"GSE166555/counts/GSM5075663_p009n1.tsv.gz","6381746","d91a789acd317b692645186594f26607f1da1b240e22882126d58737cb057f3d"
"GSE166555/counts/GSM5075664_p009n2.tsv.gz","8152915","6883ebf704639cea64468acef11cbcf3fc4ece53e19a49b7428c38cb2e5b8e61"
"GSE166555/counts/GSM5075665_p009t1.tsv.gz","6908061","6d97711c4f6f0f6ec2fcf6acf9ce8976ddc9adac76204d3116491b90a12543a1"
"GSE166555/counts/GSM5075666_p009t2.tsv.gz","9054402","61b16b5d8e7744acf0937b352fccfc59b09b6f2e48b8316aa6becedace994a5a"
"GSE166555/counts/GSM5075667_p012n.tsv.gz","7372830","4e2b86c46843bcb5c97412cb12a7a21c449d550e0910a6c425623e77bf88bef1"
"GSE166555/counts/GSM5075668_p012t.tsv.gz","7684742","aa3a8f367a066d8b4600d049f227371419b968020c9d89519bb15bb6f30b8475"
"GSE166555/counts/GSM5075669_p013n.tsv.gz","6408458","d6a891de93a8f3f6dd491405dc890a882a669536ca3ad404f046df22cc56254d"
"GSE166555/counts/GSM5075670_p013t.tsv.gz","7042749","7c5f99c11137b64c2452d2bd8ffac2385b3722260f4bc3f22aade07f4d1b4e20"
"GSE166555/counts/GSM5075671_p014n.tsv.gz","6160270","a5a074f27b1db8b6bb28f261035c2d1d31b1f4a85cfa921433fb77d5fba9468a"
"GSE166555/counts/GSM5075672_p014t.tsv.gz","7410383","35f4ccb0d7e12622769289e0170548a46aeb86b4c59a7c6493f839ac64bee95c"
"GSE166555/counts/GSM5075673_p016n.tsv.gz","7535671","c7b6b8b875396eec3fbe7d013c223491c14a89ae00c6a3ecdda0bc90671f822d"
"GSE166555/counts/GSM5075674_p016t.tsv.gz","7090021","42b519926b252ac3a78b2fb369dcbbbe01e23ad6f8388f3081950c63ce878206"
"GSE166555/counts/GSM5075675_p017n.tsv.gz","4673927","113e1404275f1da226edf1d171bda7d76cb6dbb95770f17124e06c90c4b125a4"
"GSE166555/counts/GSM5075676_p017t.tsv.gz","8611505","8345403986da62474d256d5262b296d3efa8270c88016030670e9aa4720ecf03"
"GSE166555/counts/GSM5075677_p020n.tsv.gz","2005401","31f76d4163f0324b657b212aa819b869842a67a8688d665c4cdb634099937aab"
"GSE166555/counts/GSM5075678_p020t.tsv.gz","1261240","82da6f66983090af08cc025f192ed71b69029dc7233bc49a1e027b39375f4231"
"GSE166555/counts/GSM5075679_p021n.tsv.gz","2290656","8a9ff28fefac62cece89a3160805525301b8dfb32efe119c196421ba57307334"
"GSE166555/counts/GSM5075680_p021t.tsv.gz","2593740","3a1dbedebe2487a37b52006a54038abd85d192104455cd06ef8145cb70235ed3"
"GSE166555/counts/GSM5075681_p025n.tsv.gz","1685104","fe88f086417ad9b31b23b9815777e6dc6a2c473c480ceaf248b41c0c9bb57050"
"GSE166555/counts/GSM5075682_p025t.tsv.gz","2378405","6524fc33a44fead488ea79e0e40c566b7587e4f5956c9a68d0f39c732005c752"
"GSE166555/counts/GSM5075683_p026t.tsv.gz","6787354","7eabdf970a91270d70b3da86f58e05da662c93356d39981d477085c632661304"
"harmony/gse_harmony_cells.tsv","1655914","16e33b1794e6dd8121d36b4815bee9c130649ea4b1aa9546bda9a8f718ae6a41"
"harmony/gse_harmony_counts.mtx","510951438","d765e3b3937eb9febf80f2d8395a98e576b38de9186851f51b22650f2c13502e"
"harmony/gse_harmony_genes.tsv","20938","99a5f3db59034ee703e883c8f22422a82cb7935c6703cd686f75f0d2fc470b98"
"harmony/qi_gene_variability.csv","1700792","1d6e1ca0d44e6137a6d2cf59e846eb8d43aa2c7bd8d4572b41b776b62d82c70a"
"harmony/qi_top3000_variable_genes.txt","21818","46a041a7766bbd2044322e025e4d0a6c7df7b9c671af621ad58ded2acff64baf"
"literature/PMC9825603.tar.gz","990","04b10f58e3f1340fc897c7057a0001c82ebd216d8ced1a96a2f05676b5d22494"
"literature/TISCH2_Supplementary_Table_S1.docx","48676","cae0f163adec96e5c3e4f87b7c390df2da725764c43b331978e45bbcf2475ec3"
"nichenet_resources/ligand_target_matrix_nsga2r_final.rds","262116605","699fce17ff65e2511277359696306bb130aa833bd7f30dd9290ad9efd9dc9c5d"
"nichenet_resources/lr_network_human_21122021.rds","20724","47c971d2fbba4ecd0ba7485d1846a74054432a0d1a97ea3e6a79ae27d0da8094"
"ualcan/CLDN1.html","411486","1ea9cc91cb4ddc47f0415d6877f2451e8e00dada3b7769ded118b2e631e3cae4"
"ualcan/CLDN4.html","418855","2841b581c4379e2040fc597e26dfa88b1631d4abd02694578ab40ece522f79ee"
"ualcan/COL1A1.html","415797","0fa1a1f6a876efe47f2f6021bc1a208ac85f251106be42ae59a0af880aa2fb04"
"ualcan/COL1A2.html","415696","0cdd8e39c164aa71fd775382284bc7c6ce0d4cd92c26b3992985104e0529af8c"
"ualcan/FAP.html","412491","acd0e53afa3d89b793ded7a4619a53d0cee2d018119b9900bc629c189b865608"
"ualcan/FN1.html","420456","e4f3754c25f17982f3b8200ed8e2dfe9079e896a97acdbf540a33b15b4e4dbde"
"valdeolivas_spatial/download_manifest.csv","1840","38b77b9d3103802593e4abd08caaeb5f9224b946bee256731ce434a239c5ea2f"
"valdeolivas_spatial/Pathology_SpotAnnotations.zip","702660","2468ad1208468277eaa7693cbaf92735e76d52207e87d534e0ac8fe77fcacb47"
"valdeolivas_spatial/record_metadata.json","233","dd94f72cb836b7d095b53dd198b68b4a031e3dce5dd39c7eaedabc240496f46e"
"valdeolivas_spatial/SN048_A121573_Rep1.zip","149798389","dc9dc9840d4d0a22230790350a615491f5c58aab26970c98d69a5047e0873d77"
"valdeolivas_spatial/SN048_A121573_Rep2.zip","153572136","227b1a5bbf9d8e6148da64b21acdeddcdeea2a1e0c082b9a0b0a617b8effac34"
"valdeolivas_spatial/SN048_A416371_Rep1.zip","155662933","6fd8b1888b63b9abc3e17fc8c6493080f5815bb18425645131c579e77a325c18"
"valdeolivas_spatial/SN048_A416371_Rep2.zip","133062616","91368a8bffd3bb5c7a94795ffbb9b69e0bbe073a62ae00df7dcc3f117824ebf3"
"valdeolivas_spatial/SN123_A551763_Rep1.zip","77094190","77b5fb988aec1803ed5b2376e0d1975b284dcd970cf770176dbef35e235d51c6"
"valdeolivas_spatial/SN123_A595688_Rep1.zip","99165165","d02a3ae47abc6926352cb0fa5f66a897acb4f253291fa7eb1d3a4365768ce4d7"
"valdeolivas_spatial/SN123_A798015_Rep1.zip","81914465","d6bd4168891d9c2a94b5f3fe7cb35e7a3e1c49fe6ac7df16af29aeea346aa282"
"valdeolivas_spatial/SN123_A938797_Rep1_X.zip","108570769","4f05a50826e0f3898a5101274fb21293304d0c265e8831b70507112e35547366"
"valdeolivas_spatial/SN124_A551763_Rep2.zip","61982650","b884bc451ee05645e7777a1239c1a64d5416ae79dbc7010b58b843a8c4186e5e"
"valdeolivas_spatial/SN124_A595688_Rep2.zip","56124799","2510c1e854126ca227dc1dee8ab8a5763658867deb0f0f1abb9354f78aefd552"
"valdeolivas_spatial/SN124_A798015_Rep2.zip","93813784","e75f9b4a39e9daac4682c7c090ce92490c7b40b88b9825e1b38eaa3ae525c083"
"valdeolivas_spatial/SN124_A938797_Rep2.zip","141363392","56591bb9a91568df9647c14165b57987d366e71d536fba88b658c11eb45f0b1b"
"valdeolivas_spatial/SN84_A120838_Rep1.zip","53827477","d982693f971b6eda7fa8c4c3b49afe487a8cd009cfcf5d0900db8c4d93770b10"
"valdeolivas_spatial/SN84_A120838_Rep2.zip","83617743","a36c4832698aac572c501b36c3cc5cd422d87ebc543b4c858b0d1adb291429ae"
"valdeolivas_spatial/.SN048_A121573_Rep1.zip.parts/part_000","37449598","db9124097ccd971e1e9fae026719f0b09f37af4d18fb703a6ef8ef44f8faca72"
"valdeolivas_spatial/.SN048_A121573_Rep1.zip.parts/part_001","37449598","9105d4a93628351ae449461599aafe8bbf715b16feb9b0a4ef4ebf4421559667"
"valdeolivas_spatial/.SN048_A121573_Rep1.zip.parts/part_002","37449598","77d176ea5c5aff15c714a44fcb0a359179eadc80f52e64ae35a8eb48ca30263e"
"valdeolivas_spatial/.SN048_A121573_Rep1.zip.parts/part_003","37449595","745e159851755fbcc45b9973b0dab5cd3caca70466e1904ffc7cd6502665d203"
"valdeolivas_spatial/.SN048_A121573_Rep2.zip.parts/part_000","38393034","33d6f2fdfc9a2a344ce4bf276ce86022e4ba39805e2f6ff9b8903f6a61a09b02"
"valdeolivas_spatial/.SN048_A121573_Rep2.zip.parts/part_001","38393034","4f37eb9e12d6315605d18d84f43960c5610bc8894740e3f6e80f1ffb67cdf9ca"
"valdeolivas_spatial/.SN048_A121573_Rep2.zip.parts/part_002","38393034","f95a594618ddf617cbb6d3dd9ac27b702d970d53d3131a21d14483be61aa4052"
"valdeolivas_spatial/.SN048_A121573_Rep2.zip.parts/part_003","38393034","432eae3c8ca808b0d1d5ec5f547a1883e593b4f887fcc0eb357882f1f0037e7f"
"valdeolivas_spatial/.SN048_A416371_Rep1.zip.parts/part_000","38915734","e60ea74d50198784025892f02ca983327de3f106e4d366baf64e86b91c2489ab"
"valdeolivas_spatial/.SN048_A416371_Rep1.zip.parts/part_001","38915734","07fdb45b15a34f39c2cb95f4f4722745a2ed9e8384b906f546d84327ac904c87"
"valdeolivas_spatial/.SN048_A416371_Rep1.zip.parts/part_002","38915734","48e8437e1d1d43e00c9e55a761fa0c01891226fecedb84f4bff6d2838f104a96"
"valdeolivas_spatial/.SN048_A416371_Rep1.zip.parts/part_003","38915731","85ce49be7608885d2390ed1f893028a7f40265d7c3bf6ebd5e4e1f71ac519b91"
"valdeolivas_spatial/.SN048_A416371_Rep2.zip.parts/part_000","33265654","e3cec852fbc04bd39217673f0e6a8102c035f12315f3d905fba8da571cbd127b"
"valdeolivas_spatial/.SN048_A416371_Rep2.zip.parts/part_001","33265654","b2fd09fb35bdac8fe8dc680f259c3a579bfeb37c939c53e350cca8e07f2ecc10"
"valdeolivas_spatial/.SN048_A416371_Rep2.zip.parts/part_002","33265654","8a7c0e6bee1a983016173fcf4d2331a62df6ed0ce19054055ebf2ba07cef5b00"
"valdeolivas_spatial/.SN048_A416371_Rep2.zip.parts/part_003","33265654","ee04d7930ae54b2a7f5a440e85dde302ce224e1727e445d121b95cbb599acde5"
"valdeolivas_spatial/.SN123_A551763_Rep1.zip.parts/part_000","19273548","9ef92668f8577c93b847b7057b4957196c9365a552fe1376628ef89684700489"
"valdeolivas_spatial/.SN123_A551763_Rep1.zip.parts/part_001","19273548","8233dad4be8874609bf4de4e46e54ba9ac4ad51b5e7e1a7e61ec67ed227c567b"
"valdeolivas_spatial/.SN123_A551763_Rep1.zip.parts/part_002","19273548","07c0f2717e83b1a2392c6907579df558b160fd67cc584d3b738c8ac0b01111c2"
"valdeolivas_spatial/.SN123_A551763_Rep1.zip.parts/part_003","19273546","f8eae1aa0779139b717275cd95e140a92952501b5193d95bab6e527526ed2ae4"
"valdeolivas_spatial/.SN123_A595688_Rep1.zip.parts/part_000","24791292","7ffc2d1ba0d96d8837e00157fe9cb10c03462b5214b01213a559e1349d7efa30"
"valdeolivas_spatial/.SN123_A595688_Rep1.zip.parts/part_001","24791292","554d1bb52f17881faa8e6361b512a42a39e4caaa7b57e99db03badef2d83c9f7"
"valdeolivas_spatial/.SN123_A595688_Rep1.zip.parts/part_002","24791292","87ff6760f4fa052fe64df1fb953acb003d3de6a4ef59a4da8111739ca01f49c8"
"valdeolivas_spatial/.SN123_A595688_Rep1.zip.parts/part_003","24791289","69eba2de1769c15c0ba149f63c3e92f96183edd3bc63435f0041aa949f06e138"
"valdeolivas_spatial/.SN123_A798015_Rep1.zip.parts/part_000","20478617","5c22128c57538bf3cecf0fbff6243c16a567cd9c3af68402d44937d75680450c"
"valdeolivas_spatial/.SN123_A798015_Rep1.zip.parts/part_001","20478617","12c5032cdc2e6bade1de40281dab44e4ba66854746cb553b57155f7057ce2aa6"
"valdeolivas_spatial/.SN123_A798015_Rep1.zip.parts/part_002","20478617","47c47dc20d5a3e9bf222bce1a99f5a63d27c4649f424dd6bfcf9deb392dc1613"
"valdeolivas_spatial/.SN123_A798015_Rep1.zip.parts/part_003","20478614","8aaa2cf65d203ade14b852335a2e904202303db22362a974820c8d57dbeb7652"
"valdeolivas_spatial/.SN123_A938797_Rep1_X.zip.parts/part_000","27142693","1c31ef96711e1c44c1d1cd041f9170d60737d8ce9775677d72675f95c1238e4b"
"valdeolivas_spatial/.SN123_A938797_Rep1_X.zip.parts/part_001","27142693","98f41ca883e02872e213c34ffe9b391d1012c4d01abf678c848cfa5f32abd4b4"
"valdeolivas_spatial/.SN123_A938797_Rep1_X.zip.parts/part_002","27142693","07fade37275d2c4770e5b59743bb8b2a85945bacb30ed02bae90d491925a3d20"
"valdeolivas_spatial/.SN123_A938797_Rep1_X.zip.parts/part_003","27142690","e5639424789ab43402d308eff6b2b825e657160bad81a79cf2ca0bb266e1fc6e"
"valdeolivas_spatial/.SN124_A551763_Rep2.zip.parts/part_000","15495663","304b4617417fe7f9a8291b939f51d4c7fdb702d17f437c57e5f5f91f2509e513"
"valdeolivas_spatial/.SN124_A551763_Rep2.zip.parts/part_001","15495663","02fc65eb154c0d38bb4a811b86d5d2d4241ebc6f6a09d51533e168a2bb30c74b"
"valdeolivas_spatial/.SN124_A551763_Rep2.zip.parts/part_002","15495663","9b2fdf4871ece58274be91627023fa9647f69afcb3cb0a870377095985d455af"
"valdeolivas_spatial/.SN124_A551763_Rep2.zip.parts/part_003","15495661","6f93dae23ee2b1d0cee0e147875979fe6a8565a757eaaaf96dfc7f369251e2ce"
"valdeolivas_spatial/.SN124_A595688_Rep2.zip.parts/part_000","14031200","2fe50b33aeff2417ce912ea01173c9851413b5727c97a1442d9187fec7083926"
"valdeolivas_spatial/.SN124_A595688_Rep2.zip.parts/part_001","14031200","d00db723db6c64071e78aa16430ddd56b546f057b8b60a4dfb3833fcd45de651"
"valdeolivas_spatial/.SN124_A595688_Rep2.zip.parts/part_002","14031200","268a308297ef2e04aeaa530da37731dfd90bbb3eb03abecba935c1a3daed2818"
"valdeolivas_spatial/.SN124_A595688_Rep2.zip.parts/part_003","14031199","e64a8ff67e98cc1b7b1b00c201efad1c5d1c69803af81a41a0c5efd3512667eb"
"valdeolivas_spatial/.SN124_A798015_Rep2.zip.parts/part_000","23453446","b74e74d5ae846733255fab0abf1383640f61d8d9774ac002017290d0474e9938"
"valdeolivas_spatial/.SN124_A798015_Rep2.zip.parts/part_001","23453446","db047bf2432c5799ca9d6c3c78ed4a8598cd89be74160d8ae6946455ba59183c"
"valdeolivas_spatial/.SN124_A798015_Rep2.zip.parts/part_002","23453446","2693389ecfbdc70c62f673a94cf2eb5d2e7f8758c790f67806a30949b16251e9"
"valdeolivas_spatial/.SN124_A798015_Rep2.zip.parts/part_003","23453446","f346b811179b679a45da524e267bcace81bdb342d533dba942a8ef758e807f48"
"valdeolivas_spatial/.SN124_A938797_Rep2.zip.parts/part_000","35340848","43865350617ee2daf60ed221c889c5f2685a75b2cc8710f4cbad1233bd2e03bf"
"valdeolivas_spatial/.SN124_A938797_Rep2.zip.parts/part_001","35340848","a66135a77b3f761cb2fb7f6e1c411d5bcfe5f18aac3951abed05959908a1f423"
"valdeolivas_spatial/.SN124_A938797_Rep2.zip.parts/part_002","35340848","899dd15d666cad3daef5f0d3b1b4aa3eff82920e652c8502b2882c1693014063"
"valdeolivas_spatial/.SN124_A938797_Rep2.zip.parts/part_003","35340848","73c7124e9ab2403930387221616d42075b396102d4684e65a0b183916cfc0509"
"valdeolivas_spatial/.SN84_A120838_Rep1.zip.parts/part_000","13456870","fef6454b32b09f5c6121539ea9bacaac11a952bd6eee35073af2d8ad70a09de3"
"valdeolivas_spatial/.SN84_A120838_Rep1.zip.parts/part_001","13456870","8bb374708495b247dc23177ac4f140de836891c9d67a21653099babe3cae3ebe"
"valdeolivas_spatial/.SN84_A120838_Rep1.zip.parts/part_002","13456870","ff2279234bff38725a12635cc383e68d9fdd389ecf28398a3e1504d3a4492540"
"valdeolivas_spatial/.SN84_A120838_Rep1.zip.parts/part_003","13456867","3677f515d61517b71e7352003e64923a4316fa981711986a46afaa3e518a10c9"
"valdeolivas_spatial/.SN84_A120838_Rep2.zip.parts/part_000","20904436","4ac11d122fa5c07b3b40c75e7f41283007e39e8045a368c96830be3d646c2aec"
"valdeolivas_spatial/.SN84_A120838_Rep2.zip.parts/part_001","20904436","167ea749371cecf26d16ba96eb2d5172e5755e881526fb4a4a2391caab114c65"
"valdeolivas_spatial/.SN84_A120838_Rep2.zip.parts/part_002","20904436","557e8115af7989f3250c13b5547d01701edea049531368daeb8c80ef15a0da9e"
"valdeolivas_spatial/.SN84_A120838_Rep2.zip.parts/part_003","20904435","d3e1f004785b6e06193756a769a7e9937eb12be7b464e24ef5ed53e04fc5f5c9"
"valdeolivas_spatial/extracted/Pathology_SpotAnnotations/Pathologist_Annotations_SN048_A121573_Rep1.csv","82187","47cf1e063f8e12ba9a9f5254f6bb5f39c127a54d72c252ac79f7ac05877f6cba"
"valdeolivas_spatial/extracted/Pathology_SpotAnnotations/Pathologist_Annotations_SN048_A121573_Rep1.rds","62056","56b04f82a1b04d27a6224f19a3382a3f3283088c20132b10e2fe9903d623dccb"
"valdeolivas_spatial/extracted/Pathology_SpotAnnotations/Pathologist_Annotations_SN048_A121573_Rep2.csv","91505","4766d39b616227cece5062f5b66b307e425464a663f2068d156a74720243a4dc"
"valdeolivas_spatial/extracted/Pathology_SpotAnnotations/Pathologist_Annotations_SN048_A121573_Rep2.rds","66459","a53eddbf9df6cb09d4a490812ad00a07792378a1862d46882d7163ae252755d0"
"valdeolivas_spatial/extracted/Pathology_SpotAnnotations/Pathologist_Annotations_SN048_A416371_Rep1.csv","93733","4d5ce0dcb039d624a449fce756560ff8c21623c7f1055427c6b637fb2d4be0ec"
"valdeolivas_spatial/extracted/Pathology_SpotAnnotations/Pathologist_Annotations_SN048_A416371_Rep1.rds","62993","4f82ecae3dfde121bc0fcc843e9e4e9b9e19cef80b45a954d3b1db3d23f61375"
"valdeolivas_spatial/extracted/Pathology_SpotAnnotations/Pathologist_Annotations_SN048_A416371_Rep2.csv","60898","4626a05bd778548f3acbdf99e73dd2457d6a6eb423eabfc13e22516e1a30fa1e"
"valdeolivas_spatial/extracted/Pathology_SpotAnnotations/Pathologist_Annotations_SN048_A416371_Rep2.rds","50031","1bde01ace92d7a1bef4daf0fb52605ca4f5e77f1bb9ef550e7c88bac90e4b155"
"valdeolivas_spatial/extracted/Pathology_SpotAnnotations/Pathologist_Annotations_SN123_A551763_Rep1.csv","23689","87224e9f52789bb22315ba70f14952ca443b039e6cca75eb94ac49b97b516b8a"
"valdeolivas_spatial/extracted/Pathology_SpotAnnotations/Pathologist_Annotations_SN123_A551763_Rep1.rds","19779","6d3bce9ad199e51f4bd2c8ea47f4d65cec33bfd5afdeb3383410a691cf4bcf9e"
"valdeolivas_spatial/extracted/Pathology_SpotAnnotations/Pathologist_Annotations_SN123_A595688_Rep1.csv","45546","3f3dedf0769e97abe9ebaa2f05bc5e872fd5244899d813bffadaac1d0aadc2ea"
"valdeolivas_spatial/extracted/Pathology_SpotAnnotations/Pathologist_Annotations_SN123_A595688_Rep1.rds","34846","cfb2f10cc25fed8908b73b47c204750eda87f50c30c182f17fa97ba81cc273e3"
"valdeolivas_spatial/extracted/Pathology_SpotAnnotations/Pathologist_Annotations_SN123_A798015_Rep1.csv","86728","95577532aa3736ff7ff314fa7c1b09642ce8b9261d801fa01ee2a7b1ee6cb1a2"
"valdeolivas_spatial/extracted/Pathology_SpotAnnotations/Pathologist_Annotations_SN123_A798015_Rep1.rds","48126","878e844ce42541bfa68f848b9bd4e54f8d6003e7c66452349fc712017e9906a5"
"valdeolivas_spatial/extracted/Pathology_SpotAnnotations/Pathologist_Annotations_SN123_A938797_Rep1_X.csv","92810","47cfd363513a024f804e54e719db2088088d51f04d91b609141da102d129d89c"
"valdeolivas_spatial/extracted/Pathology_SpotAnnotations/Pathologist_Annotations_SN123_A938797_Rep1_X.rds","59198","5367d27d0b5e1b368047edc05a9e6b2bc7329238e4874594ac32f40f1c7dc347"
"valdeolivas_spatial/extracted/Pathology_SpotAnnotations/Pathologist_Annotations_SN124_A551763_Rep2.csv","40778","168ecdb6af2cc092e38ce63b13a1b833346dbe11b18828118d62b582d9836128"
"valdeolivas_spatial/extracted/Pathology_SpotAnnotations/Pathologist_Annotations_SN124_A595688_Rep2.csv","13508","1d0f676573b2acfbd0b7af2d91bafb8f0e019ea335a5e28879c2a645856ba3b6"
"valdeolivas_spatial/extracted/Pathology_SpotAnnotations/Pathologist_Annotations_SN124_A595688_Rep2.rds","11801","b5fed8c3df05dfa3318be256137ebd6449d28a97e44f4fa1259a9f37a47f80c4"
"valdeolivas_spatial/extracted/Pathology_SpotAnnotations/Pathologist_Annotations_SN124_A798015_Rep2.csv","81971","ad1394153540f7a87b722e05948988c48295f79e6e7dfcd7597f5e317a33c7d3"
"valdeolivas_spatial/extracted/Pathology_SpotAnnotations/Pathologist_Annotations_SN124_A798015_Rep2.rds","47983","1588d77bb818bedcdd893d46892895ffa873d2fec5dc27cfe07ca3cb9a47a811"
"valdeolivas_spatial/extracted/Pathology_SpotAnnotations/Pathologist_Annotations_SN124_A938797_Rep2.csv","70423","95ce89b9bd983f0c4202e61c9975e8b4ce276f7e3e6ef11b5c7731c191edaa81"
"valdeolivas_spatial/extracted/Pathology_SpotAnnotations/Pathologist_Annotations_SN124_A938797_Rep2.rds","48859","ca12ad8cc5f64dabdef581f7b533f0124d7133b8983ff617eef156215021d4b9"
"valdeolivas_spatial/extracted/Pathology_SpotAnnotations/Pathologist_Annotations_SN84_A120838_Rep1.csv","12657","94ba5ad8e42c14bbde4d2d42ed59fc213e704dcc40b6d2ce0f25960a9f32f45b"
"valdeolivas_spatial/extracted/Pathology_SpotAnnotations/Pathologist_Annotations_SN84_A120838_Rep1.rds","10005","d578613d74b21a73cc86b834b124ef79e0d7240d89864aa7dc1ffc2ec3cb7ca4"
"valdeolivas_spatial/extracted/Pathology_SpotAnnotations/Pathologist_Annotations_SN84_A120838_Rep2.csv","39577","06f6a338a9bd015e4915c28e8b1cd7edde350a167861ca436b71b8d6f9cfb9af"
"valdeolivas_spatial/extracted/Pathology_SpotAnnotations/Pathologist_Annotations_SN84_A120838_Rep2.rds","30155","fa7164fced4f96b00ba2f365b24ba09b5d90cc44f266e52d182641418a8a20c9"
"valdeolivas_spatial/extracted/SN048_A121573_Rep1/filtered_feature_bc_matrix.h5","12915075","542982ccbfa4a9b3fe107101a3883953c6863d3b137dd520ae0de93e3b00dc99"
"valdeolivas_spatial/extracted/SN048_A121573_Rep1/metrics_summary.csv","1010","e93b5d51f355791bf1dc3125c74c48ae529a2cbcfafae2e5969b442c8a8a8a51"
"valdeolivas_spatial/extracted/SN048_A121573_Rep1/raw_feature_bc_matrix.h5","24119590","08852912a1d280b3b6f61f0143651d3c1693576936aab26dae959b33d30a9181"
"valdeolivas_spatial/extracted/SN048_A121573_Rep1/web_summary.html","9613787","1d1130ea9ccb5a7483e16c0d718944b4a0d09ee7936298c3c7c4de9d3b5b5e73"
"valdeolivas_spatial/extracted/SN048_A121573_Rep1/filtered_feature_bc_matrix/barcodes.tsv.gz","12797","c9b35aeb8d4ccd4cc3b3a793e8709fdf2659e81e85bd3d96fd403916b143f42e"
"valdeolivas_spatial/extracted/SN048_A121573_Rep1/filtered_feature_bc_matrix/features.tsv.gz","333437","4de7824cd027a821e4d8913726d17abffe01158ab30ed2946c8ad3ecea4d1718"
"valdeolivas_spatial/extracted/SN048_A121573_Rep1/filtered_feature_bc_matrix/matrix.mtx.gz","33644077","26d64e6094272bc71dbf54fe3cfa51464f0033f1ec87c0ccc004c3d213ddafe3"
"valdeolivas_spatial/extracted/SN048_A121573_Rep1/raw_feature_bc_matrix/barcodes.tsv.gz","25674","856fa22b6fb346931480b232fef560dec4a42ce7ea8237ffa207d2499b8d7274"
"valdeolivas_spatial/extracted/SN048_A121573_Rep1/raw_feature_bc_matrix/features.tsv.gz","294478","a698fb66875f9f5c2c19a83bd95193d2cef39168436495505041941b55c24a3f"
"valdeolivas_spatial/extracted/SN048_A121573_Rep1/raw_feature_bc_matrix/matrix.mtx.gz","60587632","75631679a15decc5841c2b721f1a26b855bba89614a687b86717031f58ee7563"
"valdeolivas_spatial/extracted/SN048_A121573_Rep1/spatial/aligned_fiducials.jpg","1636891","e270318dec48b74100528c7904b4925d6617271ca818fd096ec0c6a162fd6c5c"
"valdeolivas_spatial/extracted/SN048_A121573_Rep1/spatial/detected_tissue_image.jpg","2209140","408af7dbd7d5a8c8413ee801eed1acaa30d30c1043cbb85899e8ac51525b1a92"
"valdeolivas_spatial/extracted/SN048_A121573_Rep1/spatial/scalefactors_json.json","155","487d4d293c3f50828e6cbb782ec4dd6c0a940e4ff80fc36c04bfa6e82ffea61d"
"valdeolivas_spatial/extracted/SN048_A121573_Rep1/spatial/tissue_hires_image.png","8656672","14ab4c7cd95820bd700d39d88077dc4fd318aed01a21a024746377b862d837f2"
"valdeolivas_spatial/extracted/SN048_A121573_Rep1/spatial/tissue_lowres_image.png","1043155","647eb92b10b3d987cdd53c4a889d89e5a30d403f9f5681363b9f0b2086540290"
"valdeolivas_spatial/extracted/SN048_A121573_Rep1/spatial/tissue_positions_list.csv","179994","5921f815c6b00510013d1c6d7580437965a2f13a4524e06f7745809daa0516bd"
"valdeolivas_spatial/extracted/SN048_A121573_Rep2/filtered_feature_bc_matrix.h5","12850789","e0cf699ce465a7262cbff37e7468307186d17486fa49917543b0eb6c3df8d4c0"
"valdeolivas_spatial/extracted/SN048_A121573_Rep2/metrics_summary.csv","1008","d906f7f3bce10988fd380cc5cf9d7c37d9527ef454af99828e7f8a7a2ce5d567"
"valdeolivas_spatial/extracted/SN048_A121573_Rep2/raw_feature_bc_matrix.h5","25138656","616b7c4ab210629f7474d945882da7a0309d3d11793e34f33778e41a919a647c"
"valdeolivas_spatial/extracted/SN048_A121573_Rep2/web_summary.html","9663720","91eb8beff3dabe756410ade7c47d0b75c1294735d475cd6568bc55e22230386d"
"valdeolivas_spatial/extracted/SN048_A121573_Rep2/filtered_feature_bc_matrix/barcodes.tsv.gz","13810","696d792c9d09349a2e8f5f0e0db3cd5644c9419319a14d45b4bdd4427e79af60"
"valdeolivas_spatial/extracted/SN048_A121573_Rep2/filtered_feature_bc_matrix/features.tsv.gz","333437","a5d20e80c3e35abff2c23668c44a17a1cba9abcad14002c3b69b45186eca82ca"
"valdeolivas_spatial/extracted/SN048_A121573_Rep2/filtered_feature_bc_matrix/matrix.mtx.gz","33312804","ced53d721ed674f4b5de6fdbbdf41da8242fa7942311a2ce03f03cd034daeb6f"
"valdeolivas_spatial/extracted/SN048_A121573_Rep2/raw_feature_bc_matrix/barcodes.tsv.gz","25674","856fa22b6fb346931480b232fef560dec4a42ce7ea8237ffa207d2499b8d7274"
"valdeolivas_spatial/extracted/SN048_A121573_Rep2/raw_feature_bc_matrix/features.tsv.gz","294478","a698fb66875f9f5c2c19a83bd95193d2cef39168436495505041941b55c24a3f"
"valdeolivas_spatial/extracted/SN048_A121573_Rep2/raw_feature_bc_matrix/matrix.mtx.gz","63418774","1f887ead359b220cf1c341e77b0b4527ab9f0f89938d4cbf184311b5eeee2d0f"
"valdeolivas_spatial/extracted/SN048_A121573_Rep2/spatial/aligned_fiducials.jpg","1598968","b907ca1ac7147bbbe6834e914be64c2fb7c77f69a0ecee80986839d9096313dc"
"valdeolivas_spatial/extracted/SN048_A121573_Rep2/spatial/detected_tissue_image.jpg","2154032","f214323d54d85a4a311557ee0c73a15915eeea7be1b0ce9ce1fed51fca145670"
"valdeolivas_spatial/extracted/SN048_A121573_Rep2/spatial/scalefactors_json.json","163","f0221bfd4da7b91cf14507c38a15b885c1edd2fa97044160e37233667d206906"
"valdeolivas_spatial/extracted/SN048_A121573_Rep2/spatial/tissue_hires_image.png","9091357","a3a9bc8757a4fde34d1d9eb4773370317d8187625e67b733503446b30cfe409d"
"valdeolivas_spatial/extracted/SN048_A121573_Rep2/spatial/tissue_lowres_image.png","1077320","167dbf2c4a771eea3b1ca40cb4ee3dfd7df84ad653c2ec2925c6c8bae2d89be8"
"valdeolivas_spatial/extracted/SN048_A121573_Rep2/spatial/tissue_positions_list.csv","180278","bd28a3c0e047d7dbdb09ac91add30b46a53f0497793b8189ddff136cf85f27f0"
"valdeolivas_spatial/extracted/SN048_A416371_Rep1/filtered_feature_bc_matrix.h5","12986387","ef0d9f318516a58af355198357976d44c292abc3b0c38c7a8ad15eb74ea5c39b"
"valdeolivas_spatial/extracted/SN048_A416371_Rep1/metrics_summary.csv","1010","1643f0ed23e059d3adbe16dcbc24877c28a23875237292426636e87ac10b20fc"
"valdeolivas_spatial/extracted/SN048_A416371_Rep1/raw_feature_bc_matrix.h5","25746954","b6800705cf09ec2cfa4ea854a777c65429c94de5cb4918cbc76afc99f899bbd9"
"valdeolivas_spatial/extracted/SN048_A416371_Rep1/web_summary.html","9300537","b01f3ebf9f4fce69d8d5cee66867882a0012f49ed39439dee5a80d275cae0e51"
"valdeolivas_spatial/extracted/SN048_A416371_Rep1/filtered_feature_bc_matrix/barcodes.tsv.gz","13460","f71914f5d8874a0bfed717ac9ea5f0d5a88f9838257ecb4898a986868d30217a"
"valdeolivas_spatial/extracted/SN048_A416371_Rep1/filtered_feature_bc_matrix/features.tsv.gz","333437","95525327a0bfac014ebf5ca4338644eab1ebe1662887b2d3bee8db3b7abdc26f"
"valdeolivas_spatial/extracted/SN048_A416371_Rep1/filtered_feature_bc_matrix/matrix.mtx.gz","34200080","a610833dc228c925dc1b3612e17c1d450c9c79fdc87b33220d22302beb72ff92"
"valdeolivas_spatial/extracted/SN048_A416371_Rep1/raw_feature_bc_matrix/barcodes.tsv.gz","25674","856fa22b6fb346931480b232fef560dec4a42ce7ea8237ffa207d2499b8d7274"
"valdeolivas_spatial/extracted/SN048_A416371_Rep1/raw_feature_bc_matrix/features.tsv.gz","294478","a698fb66875f9f5c2c19a83bd95193d2cef39168436495505041941b55c24a3f"
"valdeolivas_spatial/extracted/SN048_A416371_Rep1/raw_feature_bc_matrix/matrix.mtx.gz","65209043","68fa151c8a1f5c4b75d90db3009ee3a5dd3c7194a2a282e8860a1bda8bc08347"
"valdeolivas_spatial/extracted/SN048_A416371_Rep1/spatial/aligned_fiducials.jpg","1558721","70cc8ee152eeac5b13d8da55d70141e443e5f00c1db5717eeae4f07572b5b551"
"valdeolivas_spatial/extracted/SN048_A416371_Rep1/spatial/detected_tissue_image.jpg","2122267","0f5327f2fc75c0d3ff03b5bcf00c20dc7ee602ff538008f67cdbbeb51a5a6f8c"
"valdeolivas_spatial/extracted/SN048_A416371_Rep1/spatial/scalefactors_json.json","154","8ba8f846f1d18daaa50acbb75b14b1f5c045aff3ee634ecaf44c3e5f44c54ed3"
"valdeolivas_spatial/extracted/SN048_A416371_Rep1/spatial/tissue_hires_image.png","8225196","941e06d8e9e29540b55aef516314438ae2b72bbd8bbbf67b8357da70548e5370"
"valdeolivas_spatial/extracted/SN048_A416371_Rep1/spatial/tissue_lowres_image.png","982736","8338fca9b250080562c564bf59db7b1c72f783f15448f52de72160f5826d9826"
"valdeolivas_spatial/extracted/SN048_A416371_Rep1/spatial/tissue_positions_list.csv","180225","8268471971a07edcf371916cae2a73bc88ec14159631ecc579f11cc66623bae8"
"valdeolivas_spatial/extracted/SN048_A416371_Rep2/filtered_feature_bc_matrix.h5","11193676","d7f596786fff576baa10405c5afb27af11b991c21d721e5f18b86c694d49b804"
"valdeolivas_spatial/extracted/SN048_A416371_Rep2/metrics_summary.csv","1008","45524e8f6582144b1f6a44a4bde066b61596d6650c0e93cd6ccdf241202428b4"
"valdeolivas_spatial/extracted/SN048_A416371_Rep2/raw_feature_bc_matrix.h5","22184452","2bfdb7bef34408f82338015730cd5dcbec43e9831ce404a96664e635ce28e097"
"valdeolivas_spatial/extracted/SN048_A416371_Rep2/web_summary.html","8381915","9c8991bfcccef2df61f5d7d2faa146d91e8cf1334b3603669034199a91540cfb"
"valdeolivas_spatial/extracted/SN048_A416371_Rep2/filtered_feature_bc_matrix/barcodes.tsv.gz","10579","e3111398ebcb998f7f1267735cde1170ccb1fdd0cf9b67e8de5a87677474bd17"
"valdeolivas_spatial/extracted/SN048_A416371_Rep2/filtered_feature_bc_matrix/features.tsv.gz","333437","d2fc846d926f53bef077a583e744b4fed9aa186f8d4ff9255754c21b325dc01d"
"valdeolivas_spatial/extracted/SN048_A416371_Rep2/filtered_feature_bc_matrix/matrix.mtx.gz","29436201","9eedc88ba21af9c678d8e3f72c0bf887c0c1a7beb8dc09dc3fdca00ee106bfb1"
"valdeolivas_spatial/extracted/SN048_A416371_Rep2/raw_feature_bc_matrix/barcodes.tsv.gz","25674","856fa22b6fb346931480b232fef560dec4a42ce7ea8237ffa207d2499b8d7274"
"valdeolivas_spatial/extracted/SN048_A416371_Rep2/raw_feature_bc_matrix/features.tsv.gz","294478","a698fb66875f9f5c2c19a83bd95193d2cef39168436495505041941b55c24a3f"
"valdeolivas_spatial/extracted/SN048_A416371_Rep2/raw_feature_bc_matrix/matrix.mtx.gz","55235680","aaa017359aba4640cc2ca503e7fb78287230b6466527f43ccde86a26e866b2dd"
"valdeolivas_spatial/extracted/SN048_A416371_Rep2/spatial/aligned_fiducials.jpg","1377171","4051a9cea580370ab769ad09f720bc581b7b9bda3c615b4de2abf80236dac3fa"
"valdeolivas_spatial/extracted/SN048_A416371_Rep2/spatial/detected_tissue_image.jpg","1948095","0f99a5793320cfbb803cfb49f204e91c4dafdbe80bcabcc739f8d232c4b05d61"
"valdeolivas_spatial/extracted/SN048_A416371_Rep2/spatial/scalefactors_json.json","165","1a724a6f293dfa4c9092e65ded605cf60a21e4337553f8075842a4c7a91517a5"
"valdeolivas_spatial/extracted/SN048_A416371_Rep2/spatial/tissue_hires_image.png","6665204","271593d719ecd274a59225bc51ad446639ad3c48fb176b3ae711c25e74dddd57"
"valdeolivas_spatial/extracted/SN048_A416371_Rep2/spatial/tissue_lowres_image.png","795733","72a33835db4b670526d0ebc9baeaa25578025bdedcdfef7ab6cccf2a3946c905"
"valdeolivas_spatial/extracted/SN048_A416371_Rep2/spatial/tissue_positions_list.csv","180448","c013e91714d00bc772667b6d9021930d33e0e071d28b97f8b93394c9f4f624d2"
"valdeolivas_spatial/extracted/SN123_A551763_Rep1/filtered_feature_bc_matrix.h5","4518289","02460a3a7456d924a2348651539594f771eeb28abbc6520d0013f6cefd36e307"
"valdeolivas_spatial/extracted/SN123_A551763_Rep1/metrics_summary.csv","1009","e7bc526715749b521e8801466f6596b58d58090a586076a137b51a2e55d6047b"
"valdeolivas_spatial/extracted/SN123_A551763_Rep1/raw_feature_bc_matrix.h5","14867207","08ee104f97738f45ed156990a9a6fbd1115b416732680f701770f825fff3d623"
"valdeolivas_spatial/extracted/SN123_A551763_Rep1/web_summary.html","7631198","0a1fb49356b5ef622be37a350f9689e14ccce6bab7f8a0f63d6a0dcd1c846559"
"valdeolivas_spatial/extracted/SN123_A551763_Rep1/filtered_feature_bc_matrix/barcodes.tsv.gz","4186","91b083da7bcc6c6301e19a09d042b5f456b68e4968d87e329e4bd463bcb8a341"
"valdeolivas_spatial/extracted/SN123_A551763_Rep1/filtered_feature_bc_matrix/features.tsv.gz","333437","66cb8270f401ddfb9266c364064e9c671f95e97222eb7531a0558d9ece952a38"
"valdeolivas_spatial/extracted/SN123_A551763_Rep1/filtered_feature_bc_matrix/matrix.mtx.gz","11203356","59eb4884cef6f3bfc140d0a1cb980dbad9e8878ef53f8fd1d0de52474ab3e138"
"valdeolivas_spatial/extracted/SN123_A551763_Rep1/raw_feature_bc_matrix/barcodes.tsv.gz","25674","856fa22b6fb346931480b232fef560dec4a42ce7ea8237ffa207d2499b8d7274"
"valdeolivas_spatial/extracted/SN123_A551763_Rep1/raw_feature_bc_matrix/features.tsv.gz","294478","a698fb66875f9f5c2c19a83bd95193d2cef39168436495505041941b55c24a3f"
"valdeolivas_spatial/extracted/SN123_A551763_Rep1/raw_feature_bc_matrix/matrix.mtx.gz","35808178","7ce222d8569db8fda4fdaf3ad75959d02e5cc58cf68cce025edf7eb983550d7a"
"valdeolivas_spatial/extracted/SN123_A551763_Rep1/spatial/aligned_fiducials.jpg","1128992","6a5f5719af233e3f6c7c4bade4f8bffb3abdfbd04a5750de8f03ff90161e8a04"
"valdeolivas_spatial/extracted/SN123_A551763_Rep1/spatial/detected_tissue_image.jpg","2038317","638e52106fa670114aa0a7afc27158e8896711565d2894bcdbd544a650331373"
"valdeolivas_spatial/extracted/SN123_A551763_Rep1/spatial/scalefactors_json.json","164","658c1709f06e0279dc1f9d3c001d7ad7479acf5aeed47b52136d5625991b5d92"
"valdeolivas_spatial/extracted/SN123_A551763_Rep1/spatial/tissue_hires_image.png","3025157","6c7c0c610e0879cbcb101d032717c478c7c606971f183607b2414d254bc47381"
"valdeolivas_spatial/extracted/SN123_A551763_Rep1/spatial/tissue_lowres_image.png","529400","ee081b5799f1a9231f03f9c13264e9caa58c1837685323da49728323d3edba5a"
"valdeolivas_spatial/extracted/SN123_A551763_Rep1/spatial/tissue_positions_list.csv","179799","14b225b75f5957263ac09b7fc64e8599386b49d3d01dcc688e1dcd5f90674a82"
"valdeolivas_spatial/extracted/SN123_A595688_Rep1/filtered_feature_bc_matrix.h5","7523246","3a782431544ba760665b1e5d7081fb508c9fbd4faade9decaa1c5f6cdd0fa5b9"
"valdeolivas_spatial/extracted/SN123_A595688_Rep1/metrics_summary.csv","1009","61aa4a38417c49841fd09f326a3290278eaba72fc6ec536deb14ec6c2b2ff83b"
"valdeolivas_spatial/extracted/SN123_A595688_Rep1/raw_feature_bc_matrix.h5","17714198","9ccc3878fcfc07b92de138e2df86f4e9ebd98069fc62d4bd53178425b528725b"
"valdeolivas_spatial/extracted/SN123_A595688_Rep1/web_summary.html","8105798","92013d18ac23ca3b9f0ca9411d1a818287db3e075ee77e7ec245de055f58696c"
"valdeolivas_spatial/extracted/SN123_A595688_Rep1/filtered_feature_bc_matrix/barcodes.tsv.gz","7094","5c6abac89e05a711963ebf0d381ca84eb89b84c5eb287ca3276de711c3913ae5"
"valdeolivas_spatial/extracted/SN123_A595688_Rep1/filtered_feature_bc_matrix/features.tsv.gz","333437","ce3491d44080165818ff139a614d7daecdc21e6a1345393cba5b11b34c3bdc78"
"valdeolivas_spatial/extracted/SN123_A595688_Rep1/filtered_feature_bc_matrix/matrix.mtx.gz","19184113","49c7581f40b40aa86fe315bdd6d09e96eedb258d9cff7a04bd096f24173590c1"
"valdeolivas_spatial/extracted/SN123_A595688_Rep1/raw_feature_bc_matrix/barcodes.tsv.gz","25674","856fa22b6fb346931480b232fef560dec4a42ce7ea8237ffa207d2499b8d7274"
"valdeolivas_spatial/extracted/SN123_A595688_Rep1/raw_feature_bc_matrix/features.tsv.gz","294478","a698fb66875f9f5c2c19a83bd95193d2cef39168436495505041941b55c24a3f"
"valdeolivas_spatial/extracted/SN123_A595688_Rep1/raw_feature_bc_matrix/matrix.mtx.gz","43157305","9da106212b48d7eec3b1ceba5702aa6148c95648dc1d6f17f3b7187dc67f4cf5"
"valdeolivas_spatial/extracted/SN123_A595688_Rep1/spatial/aligned_fiducials.jpg","1206017","d95d0030f1b28f8a21d5d51abe157e4cae5487346e353b3f9da997a2c46650ec"
"valdeolivas_spatial/extracted/SN123_A595688_Rep1/spatial/detected_tissue_image.jpg","2066427","812575859e28eb227e91b01b2521283e9ec57b0bbfdbe63020bdd85a532277f4"
"valdeolivas_spatial/extracted/SN123_A595688_Rep1/spatial/scalefactors_json.json","155","71d28968972b0597117b8ab4ef036a81a6e0d819e8662a589d16f0c8bb11ae16"
"valdeolivas_spatial/extracted/SN123_A595688_Rep1/spatial/tissue_hires_image.png","3529544","8802a061c16b406f9c92644c72dd3f08ea0f9ed76c84224b89562f2cf954c418"
"valdeolivas_spatial/extracted/SN123_A595688_Rep1/spatial/tissue_lowres_image.png","623242","8fb65e817fff6e86c1ab6d6f9ba018c32f579581cbdf874e63c1cbeec4eee1d9"
"valdeolivas_spatial/extracted/SN123_A595688_Rep1/spatial/tissue_positions_list.csv","179877","e0c4e815dbf371122599028f50c3eff250ba1f3fa1d02608faa56fcac58c3893"
"valdeolivas_spatial/extracted/SN123_A798015_Rep1/filtered_feature_bc_matrix.h5","6624692","6192f944e335916eedf2a07262b36dae9f496df7dfed23f104b30150504d0572"
"valdeolivas_spatial/extracted/SN123_A798015_Rep1/metrics_summary.csv","1008","69392bd4f95dff15d94d675c1961ce7714964d79b8929069dd09be4400011710"
"valdeolivas_spatial/extracted/SN123_A798015_Rep1/raw_feature_bc_matrix.h5","13939707","af6a228f9640a509ae1c12bf25a9d1a77132d4268f822154dd7ce233275dbdbb"
"valdeolivas_spatial/extracted/SN123_A798015_Rep1/web_summary.html","8402634","75b9ac91e601aa187a89fb2f60d6f9b9903e733c379bdb9a8638cb12668fa01a"
"valdeolivas_spatial/extracted/SN123_A798015_Rep1/filtered_feature_bc_matrix/barcodes.tsv.gz","9905","e92472c55340a650e17d1d1e9621b99bfbb92fbcfa77b7d34e0cc3db5308738b"
"valdeolivas_spatial/extracted/SN123_A798015_Rep1/filtered_feature_bc_matrix/features.tsv.gz","333437","04f7a791b0e52c846bcc3771a83d2e5924c510e4558483276bf148d139b457d9"
"valdeolivas_spatial/extracted/SN123_A798015_Rep1/filtered_feature_bc_matrix/matrix.mtx.gz","16423867","987200f260d2aee1a9a74ebbaf2576f207cd65dffa8c1f20d8a1ae9e07ec7e08"
"valdeolivas_spatial/extracted/SN123_A798015_Rep1/raw_feature_bc_matrix/barcodes.tsv.gz","25674","856fa22b6fb346931480b232fef560dec4a42ce7ea8237ffa207d2499b8d7274"
"valdeolivas_spatial/extracted/SN123_A798015_Rep1/raw_feature_bc_matrix/features.tsv.gz","294478","a698fb66875f9f5c2c19a83bd95193d2cef39168436495505041941b55c24a3f"
"valdeolivas_spatial/extracted/SN123_A798015_Rep1/raw_feature_bc_matrix/matrix.mtx.gz","33088780","0e086b5a62be38999de2ed8c52f6c2e0450999c5feafe5c7887b716e3f441a41"
"valdeolivas_spatial/extracted/SN123_A798015_Rep1/spatial/aligned_fiducials.jpg","1222424","1c093b11baa7f4eb96e67e71020b2f63e04ccbf371cc288d3ba12dbb69d80ec9"
"valdeolivas_spatial/extracted/SN123_A798015_Rep1/spatial/detected_tissue_image.jpg","2156600","19d08c0be622947cbb63d0fad12dfca1b2742a3f34846bd4c4620e8c367e09b7"
"valdeolivas_spatial/extracted/SN123_A798015_Rep1/spatial/scalefactors_json.json","164","c6c367018264958203e2412cd7cc3323563e8fc8e453688c65ccb19491a5a429"
"valdeolivas_spatial/extracted/SN123_A798015_Rep1/spatial/tissue_hires_image.png","3459971","27b7a3b8c93d6a99c01f91d543d5dfbab57bc929d11ae738f853f2250ce871a5"
"valdeolivas_spatial/extracted/SN123_A798015_Rep1/spatial/tissue_lowres_image.png","647058","d9f29ee97fbc7575579f94655a1fffb394b3eff32e097660bc4608b0b9fb52dc"
"valdeolivas_spatial/extracted/SN123_A798015_Rep1/spatial/tissue_positions_list.csv","179774","6891b09d940ae690f9d257f744e17ed6f47f54c6d7a24dea99cc087d762f98bd"
"valdeolivas_spatial/extracted/SN123_A938797_Rep1_X/filtered_feature_bc_matrix.h5","9651260","9e77e8e951aa6f07627d942f9e0953dc2858633bbf66bc4672ce25b5b2a2af56"
"valdeolivas_spatial/extracted/SN123_A938797_Rep1_X/metrics_summary.csv","1001","778cd273f4be5d919e3bdd359ef07ad904088f3b090e2ac3933693ee1ba5e49d"
"valdeolivas_spatial/extracted/SN123_A938797_Rep1_X/raw_feature_bc_matrix.h5","17509456","4ba42290d150895e89731372e0b82de85e104bae1dba5ffbe97e47d9a039ba99"
"valdeolivas_spatial/extracted/SN123_A938797_Rep1_X/web_summary.html","9041569","cb973fd586b1f0c74045eaeddc4bd9d64f74aff6ee33d2ea8b515d12f8b18d46"
"valdeolivas_spatial/extracted/SN123_A938797_Rep1_X/filtered_feature_bc_matrix/barcodes.tsv.gz","12368","74d6ae09ee383dc1e14aef1be01af0e9094acb3b09577c378c3323ba5e991090"
"valdeolivas_spatial/extracted/SN123_A938797_Rep1_X/filtered_feature_bc_matrix/features.tsv.gz","333437","39a7eff2cf02bef9d24b872acc029527a9daae0494f9ff0cb13f564a1f1c37f7"
"valdeolivas_spatial/extracted/SN123_A938797_Rep1_X/filtered_feature_bc_matrix/matrix.mtx.gz","24501791","81e560cc6c83308c55225a65aaf27cb48c7656256528340a7463d299e3c5282f"
"valdeolivas_spatial/extracted/SN123_A938797_Rep1_X/raw_feature_bc_matrix/barcodes.tsv.gz","25674","856fa22b6fb346931480b232fef560dec4a42ce7ea8237ffa207d2499b8d7274"
"valdeolivas_spatial/extracted/SN123_A938797_Rep1_X/raw_feature_bc_matrix/features.tsv.gz","294478","a698fb66875f9f5c2c19a83bd95193d2cef39168436495505041941b55c24a3f"
"valdeolivas_spatial/extracted/SN123_A938797_Rep1_X/raw_feature_bc_matrix/matrix.mtx.gz","42508877","9026474682e5ff703c216b3efa231b5696e71b39a89be627db2715fa3e32e41a"
"valdeolivas_spatial/extracted/SN123_A938797_Rep1_X/spatial/aligned_fiducials.jpg","1395152","d98955b8c67cc901fdaf197d5da0de4769a42e5f4d2af752f263c427435a019e"
"valdeolivas_spatial/extracted/SN123_A938797_Rep1_X/spatial/detected_tissue_image.jpg","2190660","891c3d332893b0599d0fcf4169b4d2b9e73b3564a295bf842c8344f3573d2fb3"
"valdeolivas_spatial/extracted/SN123_A938797_Rep1_X/spatial/scalefactors_json.json","155","223690b752942fccafb11de4762f5393e1894ad34f67fa45a981c21dfd8cb492"
"valdeolivas_spatial/extracted/SN123_A938797_Rep1_X/spatial/tissue_hires_image.png","5221652","0feb614770df45cf06ffbd5ca54f5fafe89eead42eda214c3f1c02e43ce00107"
"valdeolivas_spatial/extracted/SN123_A938797_Rep1_X/spatial/tissue_lowres_image.png","828784","595767f767f73c9ae063fc0ebc33b6bf1e2ea03b5d8c7e11795c844be1c92764"
"valdeolivas_spatial/extracted/SN123_A938797_Rep1_X/spatial/tissue_positions_list.csv","179813","66f3836f651064b6bb34513d10f5547cdacbd8ca34e33b5560549c6d782f2b01"
"valdeolivas_spatial/extracted/SN124_A551763_Rep2/filtered_feature_bc_matrix.h5","2687195","70d1c0c2bed6381876c1023c7e84dce9cfa5a3338d5cdcb061b225fd8b475b5f"
"valdeolivas_spatial/extracted/SN124_A551763_Rep2/metrics_summary.csv","1009","d752f9d8047b795857ee6da48a99d4793f5e3efede29778dafd420a92e8680c6"
"valdeolivas_spatial/extracted/SN124_A551763_Rep2/raw_feature_bc_matrix.h5","12205319","c6d4a532ee3b1d57b8f48087afee7eee9b2a8204425361e65cbc9ee6adf4c723"
"valdeolivas_spatial/extracted/SN124_A551763_Rep2/web_summary.html","7931184","cb72fc3bb6e3f757b56f6569dc73ceeb6d4f4d17a7d6145c2c68298c3a070f00"
"valdeolivas_spatial/extracted/SN124_A551763_Rep2/filtered_feature_bc_matrix/barcodes.tsv.gz","7271","69a1a17300d465f538506772d96e621b85656d18cf2966964e2f5d9385993579"
"valdeolivas_spatial/extracted/SN124_A551763_Rep2/filtered_feature_bc_matrix/features.tsv.gz","333437","650645754ef262aa67d74dac1a48c0e9deb679517ccad1be18b6677f62e119ec"
"valdeolivas_spatial/extracted/SN124_A551763_Rep2/filtered_feature_bc_matrix/matrix.mtx.gz","6079078","b95e517a7c833d34328935ded0d0272ae5588cc719122847258bdf80f081e8ce"
"valdeolivas_spatial/extracted/SN124_A551763_Rep2/raw_feature_bc_matrix/barcodes.tsv.gz","25674","856fa22b6fb346931480b232fef560dec4a42ce7ea8237ffa207d2499b8d7274"
"valdeolivas_spatial/extracted/SN124_A551763_Rep2/raw_feature_bc_matrix/features.tsv.gz","294478","a698fb66875f9f5c2c19a83bd95193d2cef39168436495505041941b55c24a3f"
"valdeolivas_spatial/extracted/SN124_A551763_Rep2/raw_feature_bc_matrix/matrix.mtx.gz","28766971","7d6b4bbb6c41f4867463a1f6425ecca61b53762ee20bbdcb7cfdde0e2bd1523b"
"valdeolivas_spatial/extracted/SN124_A551763_Rep2/spatial/aligned_fiducials.jpg","1176038","14e98d702483d5fba6050e28737df3a08b4a4ac5701e8027843ab7fd79e74028"
"valdeolivas_spatial/extracted/SN124_A551763_Rep2/spatial/detected_tissue_image.jpg","2049699","917833f6a72c6c8e621a86e7adfe93b14665357f50c4d7d497d0baf4c1b4e55a"
"valdeolivas_spatial/extracted/SN124_A551763_Rep2/spatial/scalefactors_json.json","155","5aca054016bfae1ab4e4d734fb68de06d523a5ed5d625586c8cddb6e63fe0c10"
"valdeolivas_spatial/extracted/SN124_A551763_Rep2/spatial/tissue_hires_image.png","4076124","a0caaee255a7d4a5d64a9ce119ac81067d3351f99c3a1c774ddb3d4507bcdcc7"
"valdeolivas_spatial/extracted/SN124_A551763_Rep2/spatial/tissue_lowres_image.png","666351","270fbbff2f6a384a113b508d03ab3cbb413d19f87b5e39a8859e7d7cbb90eeaa"
"valdeolivas_spatial/extracted/SN124_A551763_Rep2/spatial/tissue_positions_list.csv","179838","4ccd8f23d7a87a1cd12afc834139c9e55948ed29fb1a2b74d9a43722e305b106"
"valdeolivas_spatial/extracted/SN124_A595688_Rep2/filtered_feature_bc_matrix.h5","2463506","d29f64b282aeb4443ea670abe759c9d743ed770a42090df071dad1bb4e627d54"
"valdeolivas_spatial/extracted/SN124_A595688_Rep2/metrics_summary.csv","1008","e0ff6436c5f73c3e4fc5f7d09aadadfc9665593e19155a22864ebe61495d2d26"
"valdeolivas_spatial/extracted/SN124_A595688_Rep2/raw_feature_bc_matrix.h5","11492781","2b488a74a63233bced55e1fdd6e5ab4ba3a82d3c71eaa463eed25dcd6e5f3ead"
"valdeolivas_spatial/extracted/SN124_A595688_Rep2/web_summary.html","7333365","872550cdae477466ab71779985cee40323a581f155bf34b74bf846987fb3cc5f"
"valdeolivas_spatial/extracted/SN124_A595688_Rep2/filtered_feature_bc_matrix/barcodes.tsv.gz","2432","d0081bc899127c976d6a2c6b23818b44d0c586a354dd2aa534b8bab752c4dac6"
"valdeolivas_spatial/extracted/SN124_A595688_Rep2/filtered_feature_bc_matrix/features.tsv.gz","333437","f9ffd328f4310b757e2d537d4d772ccfcd63f132a1a23b37f136feba516099fc"
"valdeolivas_spatial/extracted/SN124_A595688_Rep2/filtered_feature_bc_matrix/matrix.mtx.gz","5589425","67368e0bc40a503ff4c9754eb60d148385d6335441a5aac06dbe30d584e08fbe"
"valdeolivas_spatial/extracted/SN124_A595688_Rep2/raw_feature_bc_matrix/barcodes.tsv.gz","25674","856fa22b6fb346931480b232fef560dec4a42ce7ea8237ffa207d2499b8d7274"
"valdeolivas_spatial/extracted/SN124_A595688_Rep2/raw_feature_bc_matrix/features.tsv.gz","294478","a698fb66875f9f5c2c19a83bd95193d2cef39168436495505041941b55c24a3f"
"valdeolivas_spatial/extracted/SN124_A595688_Rep2/raw_feature_bc_matrix/matrix.mtx.gz","26707843","10c5802fd6adf55bca5b3ac88456f31d4e365f7953e21237092830a4fd0b25d9"
"valdeolivas_spatial/extracted/SN124_A595688_Rep2/spatial/aligned_fiducials.jpg","1062064","d943568eaccf491802c9b146daa0f32317a6a00f0e7043c660063abb92bda16c"
"valdeolivas_spatial/extracted/SN124_A595688_Rep2/spatial/detected_tissue_image.jpg","1904573","01addfe7f41d6da4161de7b0ab83b40862744f96a7d02f0b2a54f9aace957f71"
"valdeolivas_spatial/extracted/SN124_A595688_Rep2/spatial/scalefactors_json.json","154","767a67471bf42bf6de4e9e3bcd3bd25932df575c824ff6ba37ec00a49e456752"
"valdeolivas_spatial/extracted/SN124_A595688_Rep2/spatial/tissue_hires_image.png","2616343","a998cd45bb3639351562132a34b095ea5d7fad4a445326a0e6dc8433a09c58db"
"valdeolivas_spatial/extracted/SN124_A595688_Rep2/spatial/tissue_lowres_image.png","487912","7a5b1916f07e60064dac8b8b2d24bc8b8dac5298f970d29bb4d829415e7db218"
"valdeolivas_spatial/extracted/SN124_A595688_Rep2/spatial/tissue_positions_list.csv","179835","61b229cf4064cab001e7826274b3100019317de361ce601c451bf30ab17ec88f"
"valdeolivas_spatial/extracted/SN124_A798015_Rep2/filtered_feature_bc_matrix.h5","7249090","d9ca2ce008f3d9016bdbe7b8628bda32fa3844798acbc8c5f405d8ed63a7a40e"
"valdeolivas_spatial/extracted/SN124_A798015_Rep2/metrics_summary.csv","1006","b17f98427ccf0f5a917cf7c3aeb6d3e8b7634f4cd0257447df0bf99e1707e17a"
"valdeolivas_spatial/extracted/SN124_A798015_Rep2/raw_feature_bc_matrix.h5","16528043","ebf1c895d4f268115dd6501452a84acfc2f6990f05e8ee2300eebad01696aeb5"
"valdeolivas_spatial/extracted/SN124_A798015_Rep2/web_summary.html","8385884","cb96434cb449ff3d339972a4d5d545ca8822681b10f0debd363f13314242c4e8"
"valdeolivas_spatial/extracted/SN124_A798015_Rep2/filtered_feature_bc_matrix/barcodes.tsv.gz","9735","6e30108a0caf1be9dda1752f3ce18f83748f5f5ced1d0678d138c43050050fff"
"valdeolivas_spatial/extracted/SN124_A798015_Rep2/filtered_feature_bc_matrix/features.tsv.gz","333437","347b774df82d82ce90f95544e61c3a9352b53c19c6d5ccd6abe7f8cc9c96fc95"
"valdeolivas_spatial/extracted/SN124_A798015_Rep2/filtered_feature_bc_matrix/matrix.mtx.gz","18034953","6e7486c29b62d969722cae4ef7dabf26a03204783174c51f8da7bb7cd999d5c2"
"valdeolivas_spatial/extracted/SN124_A798015_Rep2/raw_feature_bc_matrix/barcodes.tsv.gz","25674","856fa22b6fb346931480b232fef560dec4a42ce7ea8237ffa207d2499b8d7274"
"valdeolivas_spatial/extracted/SN124_A798015_Rep2/raw_feature_bc_matrix/features.tsv.gz","294478","a698fb66875f9f5c2c19a83bd95193d2cef39168436495505041941b55c24a3f"
"valdeolivas_spatial/extracted/SN124_A798015_Rep2/raw_feature_bc_matrix/matrix.mtx.gz","39834869","3d57dadb7637cebd5c3b3847f611f69d5419390dcef55afe1398376e49dc957b"
"valdeolivas_spatial/extracted/SN124_A798015_Rep2/spatial/aligned_fiducials.jpg","1257356","8a820a65ad676bc1eb24d9b2109a9dbb8bb5547343b3fa37c5e2782484ffa432"
"valdeolivas_spatial/extracted/SN124_A798015_Rep2/spatial/detected_tissue_image.jpg","2115880","49c21c009c83999d9185d99190a4b0f4151c009a2e7f4d0e5ac21bab8343f9cb"
"valdeolivas_spatial/extracted/SN124_A798015_Rep2/spatial/scalefactors_json.json","155","760695699d8d7525d87457e420cde43ef858bea52609acc936f93f6ee3c6797e"
"valdeolivas_spatial/extracted/SN124_A798015_Rep2/spatial/Thumbs.db","18432","3f2ffe9441bb33ba996a34bc9ea5bda6aeef98fc5e6f232024006cb3bd28a761"
"valdeolivas_spatial/extracted/SN124_A798015_Rep2/spatial/tissue_hires_image.png","3612884","d021b472a5e329237aaec73bbf5aef21fc66da710395437eafdbe25f3ef78906"
"valdeolivas_spatial/extracted/SN124_A798015_Rep2/spatial/tissue_lowres_image.png","661846","7cd9b75176fd61045402a40bd453028dbb84f372a366c7b0ce41e49c8f277bb7"
"valdeolivas_spatial/extracted/SN124_A798015_Rep2/spatial/tissue_positions_list.csv","179922","e6eff8fad1311d5a95ffd5b3bf262c11f64ece912b408a99d9d3c8be42dad557"
"valdeolivas_spatial/extracted/SN124_A938797_Rep2/filtered_feature_bc_matrix.h5","11886230","748d8351a005b648b387a2de6c6318efcbf7d15c3d7caeb087e09b1e7277a160"
"valdeolivas_spatial/extracted/SN124_A938797_Rep2/metrics_summary.csv","1008","0c472a892c646c0042b60fa8dc1ebebf86bf302f84ce9f6f16ba9a21b76bfae0"
"valdeolivas_spatial/extracted/SN124_A938797_Rep2/raw_feature_bc_matrix.h5","24343039","5884f3c9a1040f13b621c92a48cba69b6aedf9a629fbcbbaad543ac3e9d567e8"
"valdeolivas_spatial/extracted/SN124_A938797_Rep2/web_summary.html","8590947","8341115f238eb837851467fed4753907d9e5fa40db7d7f5de922646f984d0b53"
"valdeolivas_spatial/extracted/SN124_A938797_Rep2/filtered_feature_bc_matrix/barcodes.tsv.gz","9975","b81a133eb698e8ed97ff36f776963dfd98bcc3f61ae9eba549c250cfbd65c6a9"
"valdeolivas_spatial/extracted/SN124_A938797_Rep2/filtered_feature_bc_matrix/features.tsv.gz","333437","b2e6ca9aa75b71db94cc46c0442f6211a5cb22aae8678e6ecef16112f14a5f13"
"valdeolivas_spatial/extracted/SN124_A938797_Rep2/filtered_feature_bc_matrix/matrix.mtx.gz","31397169","5bb076bdd27d6d43214f06e1ba4f2b3524a1fd3bb94673767f879e4d8a1268ad"
"valdeolivas_spatial/extracted/SN124_A938797_Rep2/raw_feature_bc_matrix/barcodes.tsv.gz","25674","856fa22b6fb346931480b232fef560dec4a42ce7ea8237ffa207d2499b8d7274"
"valdeolivas_spatial/extracted/SN124_A938797_Rep2/raw_feature_bc_matrix/features.tsv.gz","294478","a698fb66875f9f5c2c19a83bd95193d2cef39168436495505041941b55c24a3f"
"valdeolivas_spatial/extracted/SN124_A938797_Rep2/raw_feature_bc_matrix/matrix.mtx.gz","61135996","5c8f6db171febc17adea2ef6415359c16bf8d0089c318a96956f00482d732a95"
"valdeolivas_spatial/extracted/SN124_A938797_Rep2/spatial/aligned_fiducials.jpg","1251761","e308857c983497694761b46ef0c0892c741c39df8848dc99c452c17471905615"
"valdeolivas_spatial/extracted/SN124_A938797_Rep2/spatial/detected_tissue_image.jpg","2119897","7d43d70858658d72c4a83ca8454f5a569d8d6de98ea05b28c1326e9295a29577"
"valdeolivas_spatial/extracted/SN124_A938797_Rep2/spatial/scalefactors_json.json","145","d00457a2d40380d890f14acf7a8331823212a65d3fa95d5427407d0b99e0f5d6"
"valdeolivas_spatial/extracted/SN124_A938797_Rep2/spatial/tissue_hires_image.png","4253409","d5a090ace81acebcf0f4dce04a67e9f964eb359e246ea9e7534fa704cf5f8313"
"valdeolivas_spatial/extracted/SN124_A938797_Rep2/spatial/tissue_lowres_image.png","728924","2d49f486b1993c0cf228cfc428e16259d8de1da4f3c0b48c93086b757f2855c8"
"valdeolivas_spatial/extracted/SN124_A938797_Rep2/spatial/tissue_positions_list.csv","179877","ccf1b6be467ee749e89d96f613bac8c8ea3007c633439325af4c95602c809f14"
"valdeolivas_spatial/extracted/SN84_A120838_Rep1/filtered_feature_bc_matrix.h5","2097463","c493336aa3e7004f48609394bda7cac189e97e126b17e81de9266ac5e5334635"
"valdeolivas_spatial/extracted/SN84_A120838_Rep1/metrics_summary.csv","1000","a471197b4c1437eaf778b60d410cd3c2af535d1668cf1a789c671f6b357338db"
"valdeolivas_spatial/extracted/SN84_A120838_Rep1/raw_feature_bc_matrix.h5","11330245","8c2fd6c30e2f3cf0aa40d541c1b6254f7ae01f27128b642b56128a602441a75b"
"valdeolivas_spatial/extracted/SN84_A120838_Rep1/web_summary.html","7098173","6d01a17e13b5bdaa0039588e974305b646aa31c4701126dd2d9cc202a540d233"
"valdeolivas_spatial/extracted/SN84_A120838_Rep1/filtered_feature_bc_matrix/barcodes.tsv.gz","2081","1a2b40348dcc5b2f4d07044765c409b387996105df88ca028f757ab42e8b5919"
"valdeolivas_spatial/extracted/SN84_A120838_Rep1/filtered_feature_bc_matrix/features.tsv.gz","333437","b762fc3baa16183c09659fa75a56c76ce1ffc92ebceafe2b8e7332ada14b7f57"
"valdeolivas_spatial/extracted/SN84_A120838_Rep1/filtered_feature_bc_matrix/matrix.mtx.gz","4612641","917548b087cd149ff9699363d832b1ba9622b580f3b611dbe6b4f5a85d9266a1"
"valdeolivas_spatial/extracted/SN84_A120838_Rep1/raw_feature_bc_matrix/barcodes.tsv.gz","25674","856fa22b6fb346931480b232fef560dec4a42ce7ea8237ffa207d2499b8d7274"
"valdeolivas_spatial/extracted/SN84_A120838_Rep1/raw_feature_bc_matrix/features.tsv.gz","294478","a698fb66875f9f5c2c19a83bd95193d2cef39168436495505041941b55c24a3f"
"valdeolivas_spatial/extracted/SN84_A120838_Rep1/raw_feature_bc_matrix/matrix.mtx.gz","26478771","f5d735f2bddb00b275e2d116e6762b5b77e40e796e839fe7d5af5b9a9a8b909b"
"valdeolivas_spatial/extracted/SN84_A120838_Rep1/spatial/aligned_fiducials.jpg","1006298","83fddd2cba7738ff444f213060c8e0ec946d2a04846271871621a93cbc5158a0"
"valdeolivas_spatial/extracted/SN84_A120838_Rep1/spatial/detected_tissue_image.jpg","1941097","d81a43e85475bdd682f819cbe4b28c39181f0d10cb5f73bf2b1f982795eaad43"
"valdeolivas_spatial/extracted/SN84_A120838_Rep1/spatial/scalefactors_json.json","155","279484b75985a64b9d4e48a974d78905e9d6828ad60e67d9a5a401e753671ee3"
"valdeolivas_spatial/extracted/SN84_A120838_Rep1/spatial/tissue_hires_image.png","2230152","5f0522f8f9c7790f45e12c458d0d296530eddeca9bc9b74f00b24256065581f7"
"valdeolivas_spatial/extracted/SN84_A120838_Rep1/spatial/tissue_lowres_image.png","410940","a5c37d14e8c5f473e6ed1e98ac5caffaf188968a454c9fdc8ec2bad711e945df"
"valdeolivas_spatial/extracted/SN84_A120838_Rep1/spatial/tissue_positions_list.csv","179881","89b14e38849dff64390913fe05b2dddee121211b2e31c137c1a4ea037255f5a7"
"valdeolivas_spatial/extracted/SN84_A120838_Rep2/filtered_feature_bc_matrix.h5","5121982","4e36ce84bd30cde781737c4fb6cc45315ab6ea4279410b4af9849a11ac143ca3"
"valdeolivas_spatial/extracted/SN84_A120838_Rep2/metrics_summary.csv","1008","7309dd52b6ad9a9a477ffdca262c4b8f79b856f33fcecb9e2974f1a654f0f757"
"valdeolivas_spatial/extracted/SN84_A120838_Rep2/raw_feature_bc_matrix.h5","16116491","caddc96b1451507af46958d91596d0a09cee3a93c6b6709520bad2f905da2e55"
"valdeolivas_spatial/extracted/SN84_A120838_Rep2/web_summary.html","7778840","20fc72a533df25c51c15c849a46f96d97a140a804f6fc9ac9bfbfa97eee2bf1f"
"valdeolivas_spatial/extracted/SN84_A120838_Rep2/filtered_feature_bc_matrix/barcodes.tsv.gz","6260","eba46cc3ff2da0db564b5f21888a0bcac20077827821b7ab8c7766dbdc7e6fc2"
"valdeolivas_spatial/extracted/SN84_A120838_Rep2/filtered_feature_bc_matrix/features.tsv.gz","333437","c2d6167b0db9cea0a6368f3f42abaf89e1b8b43009b31d5cc25100e60bee65a4"
"valdeolivas_spatial/extracted/SN84_A120838_Rep2/filtered_feature_bc_matrix/matrix.mtx.gz","12548145","af5acc13a2f4130c37f054819bc27c2625fc8bedd9abe540561f258e977d9118"
"valdeolivas_spatial/extracted/SN84_A120838_Rep2/raw_feature_bc_matrix/barcodes.tsv.gz","25674","856fa22b6fb346931480b232fef560dec4a42ce7ea8237ffa207d2499b8d7274"
"valdeolivas_spatial/extracted/SN84_A120838_Rep2/raw_feature_bc_matrix/features.tsv.gz","294478","a698fb66875f9f5c2c19a83bd95193d2cef39168436495505041941b55c24a3f"
"valdeolivas_spatial/extracted/SN84_A120838_Rep2/raw_feature_bc_matrix/matrix.mtx.gz","39008788","204333a5c8764ee41c6c3fe372d58d42f49dac7a6898e07725654811ce860a19"
"valdeolivas_spatial/extracted/SN84_A120838_Rep2/spatial/aligned_fiducials.jpg","1147593","c2a92969d9a0d2d09b7a2bf0bd5cb0f84a1ff4f0496cb83ae02dd807be9c2fa8"
"valdeolivas_spatial/extracted/SN84_A120838_Rep2/spatial/detected_tissue_image.jpg","2048708","811196de0048e65b39c1262c9e2bb08b0ebd485f4ffb2bca78e94898b10544a4"
"valdeolivas_spatial/extracted/SN84_A120838_Rep2/spatial/scalefactors_json.json","154","8b46bafc8ecca35fe7683b1ec39d4adf2ec122c80f6b89017ccadde89f6f25fc"
"valdeolivas_spatial/extracted/SN84_A120838_Rep2/spatial/tissue_hires_image.png","3042814","e601cccd141de674f659bc212ee8aa237c5552d519ee297a6719481b92411a3d"
"valdeolivas_spatial/extracted/SN84_A120838_Rep2/spatial/tissue_lowres_image.png","542922","87d63ede7070facf83f8b2432573339457295007538b4f2c0547cd1c2aa45adf"
"valdeolivas_spatial/extracted/SN84_A120838_Rep2/spatial/tissue_positions_list.csv","179774","e553b1b58ad681181913272d3532b203bb73b1b409e358fc266a0a0c78284c18"
