"sample","FAP13","matrix4","fib5","SenMayo"
"TCGA-3L-AA1B-01",0.149369618325982,-0.182037171569397,0.574946923219392,0.00485411129269377
"TCGA-4N-A93T-01",-1.5192124426604,-1.91636621988775,-1.4922645642689,-0.724713007813715
"TCGA-4T-AA8H-01",-1.80095130610152,-1.74878987915801,-1.83323976601954,-0.865641188516978
"TCGA-5M-AAT4-01",-0.740901047911949,-0.79741574464183,-0.721241181527926,-0.488845071838917
"TCGA-5M-AAT5-01",-0.862931246191922,-0.586469412548562,-1.00957112802646,-0.30331645762642
"TCGA-5M-AAT6-01",0.674150622271236,1.27960838694714,0.682476801183709,0.281159011474738
"TCGA-5M-AATA-01",0.0566777795782912,-0.290580103830964,0.0355146815656713,0.0821207939931543
"TCGA-5M-AATE-01",-0.486432786374505,-0.556330579913249,-0.276933676699414,-0.470660629579755
"TCGA-A6-2675-01",0.789915154131157,0.953160609643016,0.954214040432053,0.386019311007708
"TCGA-A6-2682-01",1.06972413074673,0.601451886995333,0.636051358119545,0.65146850247522
"TCGA-A6-2684-01",0.88258329637046,0.318743665371128,0.740584535015289,0.375519133833724
"TCGA-A6-2685-01",1.00598963518756,0.835636404186026,1.1488834655489,0.598424098897524
"TCGA-A6-2686-01",0.517119276510691,-0.30502218754421,0.469803030456654,0.504439379284202
"TCGA-A6-4105-01",0.513918733509813,0.659126461051854,0.605476328194231,0.590541290330582
"TCGA-A6-5656-01",-0.549875697586932,-0.963569001814261,-1.01892478288351,-0.41332408787655
"TCGA-A6-5657-01",0.952256122786765,0.912324768879722,0.902906308159536,0.435816093501985
"TCGA-A6-5659-01",0.169189163213286,-0.460538283571919,0.228312239465961,-0.199170359008162
"TCGA-A6-5660-01",0.51589526324796,0.163327370408316,0.377479962618597,-0.0823378064433546
"TCGA-A6-5661-01",-0.195158874211701,-0.261924008062871,-0.340606936841535,0.0303747039792422
"TCGA-A6-5662-01",0.00117791130397174,-0.10980249607865,-0.417186819944251,-0.339055105876766
"TCGA-A6-5664-01",0.706517513820925,1.1001682398362,1.33058738811083,0.740448337131874
"TCGA-A6-5665-01",-0.916743010628851,-1.27784756817552,-1.17019721189752,-0.142801832512656
"TCGA-A6-5666-01",-1.03852539522907,-0.954802905551727,-1.35880249426675,-0.585500058184694
"TCGA-A6-5667-01",0.0698388362539937,-0.0100525631816817,0.0819612915503313,0.0166140701037381
"TCGA-A6-6137-01",-0.500131083036676,-0.690375335260904,-0.263231431431593,0.1610043654783
"TCGA-A6-6138-01",0.403929051699193,0.131780844819403,0.535632141483753,0.525149040531444
"TCGA-A6-6140-01",-0.814138320479016,-0.784883172080917,-0.861053161648502,-0.186731095346979
"TCGA-A6-6141-01",-0.151283075753642,-0.147859114589429,0.131194038164896,-0.133898635068239
"TCGA-A6-6142-01",1.34337763596064,1.30573995984003,0.939007629063938,0.613872701018816
"TCGA-A6-6648-01",-0.763684153189181,-0.794391475744443,-0.534053531765829,-0.268751132798514
"TCGA-A6-6649-01",0.213737517070035,-0.167028662545045,0.647261959224673,0.270768833959215
"TCGA-A6-6650-01",-0.669317565432214,-0.87312273562636,-0.610675537043074,-0.451011547926821
"TCGA-A6-6651-01",1.46179169330323,1.19255080135815,1.67811382829385,0.55043018618905
"TCGA-A6-6652-01",-0.572264320029331,-0.754026533760806,-0.599835760242156,-0.444781937835336
"TCGA-A6-6653-01",0.26900027417813,0.280608751702607,0.315177298959401,0.173607830916049
"TCGA-A6-6654-01",1.44966473214678,1.66564040658592,1.34139492997123,0.734860092683433
"TCGA-A6-6780-01",-0.531658430968769,-0.408522282327342,-1.22192540187651,-0.0575180582751168
"TCGA-A6-6781-01",1.75870079111969,2.18829743811618,1.52966662048444,0.685956658278281
"TCGA-A6-6782-01",0.6404124245723,0.887294400321314,0.916779908202827,0.471252157936499
"TCGA-A6-A565-01",0.491282392037824,0.381929254679813,0.504859817172641,0.49708479960037
"TCGA-A6-A566-01",2.007737800939,2.04398688681867,1.56108481373643,0.705247667618807
"TCGA-A6-A567-01",-0.0628070473306913,-0.150631524993117,-0.151321963878208,-0.528896801215197
"TCGA-A6-A56B-01",0.420428848300364,0.77683213722388,0.545593247962336,-0.435676378639995
"TCGA-A6-A5ZU-01",0.463816863527069,0.95411920544012,0.456771889732417,-0.144824717034321
"TCGA-AA-3489-01",1.26665871681431,1.51772316730263,1.68520950771982,0.672798905567119
"TCGA-AA-3492-01",0.0602687014358511,-0.319953895263198,-0.0848957324301069,-0.0405008616772847
"TCGA-AA-3495-01",-0.190145407621509,-0.730962240351038,-0.180276042133224,0.148701120903008
"TCGA-AA-3496-01",0.543337466731727,0.797532377384887,0.709051865454387,0.205591788545681
"TCGA-AA-3502-01",-1.38014901924112,-2.64535175270837,-1.47011283998367,-0.383928599816845
"TCGA-AA-3506-01",0.388029630333276,0.0817784748738993,0.181589043919198,0.374743917055779
"TCGA-AA-3509-01",-0.0788290620179249,-0.446529139863958,-0.0170822526367821,0.00129196320041479
"TCGA-AA-3511-01",0.559951766629718,0.671945619553962,0.772578336778528,0.0958906417714877
"TCGA-AA-3526-01",0.213838909368199,0.299761700333978,0.0946923921495443,0.249484482128257
"TCGA-AA-3655-01",-0.0219008110499286,0.276622525596587,0.215972881912731,0.09527228167002
"TCGA-AA-3660-01",-0.212357999382442,-0.115500114772203,0.0828020055077385,-0.10526182297263
"TCGA-AA-3662-01",0.128061145549394,-0.113482841186974,0.407430382686028,0.268024830657774
"TCGA-AA-3663-01",-0.338212538352167,-1.06228656085445,-0.645522653349248,0.204226178371946
"TCGA-AA-3675-01",0.0818877326414565,-0.147008558135599,0.0312536949442939,0.0711496031696573
"TCGA-AA-3685-01",0.199454062543858,-0.718951369221279,0.0685852985631821,0.545470005627172
"TCGA-AA-3697-01",-0.387771409094775,-0.613834060458273,-0.234107577077248,0.191898093957711
"TCGA-AA-3712-01",0.588631491577287,0.938506878979954,0.51981691526657,0.128001967714333
"TCGA-AA-3713-01",-0.12106617033119,-0.379303057699986,-0.23686292979734,0.236757304396073
"TCGA-AA-A01P-01",0.659235509758951,0.941702713281071,0.482273347719143,0.385552590164169
"TCGA-AA-A01X-01",-0.577590040063416,-0.273260770714924,-0.383001582208114,-0.347051401505795
"TCGA-AA-A01Z-01",-0.926496396549079,-0.644802966814876,-0.795371930792927,-0.536896236430795
"TCGA-AA-A02K-01",-0.798461595797102,-1.00405333691891,-1.20290648027205,-0.39532277407767
"TCGA-AA-A02Y-01",-2.19866693771766,-3.21232133063147,-2.61459570767261,-0.424752121977102
"TCGA-AD-5900-01",0.383170894246468,0.162270246672481,0.346044107079152,0.0642229894599553
"TCGA-AD-6548-01",0.45406973046117,0.635797574373163,0.458034616220752,0.459845916732764
"TCGA-AD-6888-01",-1.79057415111075,-1.87890680077255,-2.21064194564231,-0.746781224446096
"TCGA-AD-6889-01",-0.240121840268334,-0.36189542681099,-0.825243664501156,0.164982504693515
"TCGA-AD-6890-01",0.115563146455225,0.467514879926399,-0.0253025963742936,-0.0579959714804799
"TCGA-AD-6895-01",0.248842656191458,0.523877925197021,-0.0560314932934435,0.337059123566819
"TCGA-AD-6899-01",0.894347724574775,0.851401096495787,0.968167062213999,0.369394533024977
"TCGA-AD-6901-01",0.805027913616434,1.16834151414653,1.09302317338273,0.299066338493276
"TCGA-AD-6963-01",-0.711370499311736,-0.788585448483891,-0.43417393541754,0.0784379690038685
"TCGA-AD-6964-01",0.867279302920009,1.17994955319807,1.0680576311487,0.324824886272175
"TCGA-AD-6965-01",-0.16735660770311,-0.159744669186852,0.0157907140016036,-0.369155591520369
"TCGA-AD-A5EJ-01",0.00238215253572727,0.303411990188881,-0.556927715799663,0.0246139307615263
"TCGA-AD-A5EK-01",-0.270272092282911,-0.223010918263616,-0.102606179112893,-0.413842265746031
"TCGA-AM-5820-01",-0.158374492719752,0.0238979245547957,-0.470114675876081,-0.251621158659516
"TCGA-AM-5821-01",0.189557542800498,0.565933791478114,-0.162674627416,0.576582125299137
"TCGA-AU-3779-01",0.466127330309006,0.457147317528947,0.65928019982016,0.378886432304901
"TCGA-AU-6004-01",0.677634362681022,0.763762512084009,0.573627438491239,0.395619612496169
"TCGA-AY-5543-01",-0.875585294943634,-1.35544705954663,-0.844675524000796,-0.0323984307409457
"TCGA-AY-6196-01",1.45229490988378,1.50843819488946,1.94442675208072,0.660875117583505
"TCGA-AY-6197-01",-0.570549739551478,-0.58902314545678,-0.446362842480573,0.36791540281415
"TCGA-AY-6386-01",-0.55719131475161,-0.373836463183419,-0.53777932597639,-0.0502833993731438
"TCGA-AY-A54L-01",-1.7485295245534,-1.90986049877325,-1.74788379831895,-0.394327132677207
"TCGA-AY-A69D-01",-0.185229959211331,0.191827124854974,-0.339062944677342,-0.137550891584346
"TCGA-AY-A71X-01",-1.92601500463751,-2.38207690781988,-2.06455677688323,-0.588075355326416
"TCGA-AY-A8YK-01",-0.597218207175876,-0.734392456411719,-0.476332694390625,-0.19772323752926
"TCGA-AZ-4313-01",-0.529220766847866,-0.387242083624767,-0.727995333735582,-0.302053899366491
"TCGA-AZ-4315-01",-0.0485090740867981,-0.109408594447207,0.0782664836505321,-0.121711290023826
"TCGA-AZ-4323-01",0.696079184817315,0.377248212774421,0.907829944661872,0.259278401952002
"TCGA-AZ-4614-01",-1.34057668749584,-1.28096363276041,-1.37762465951143,-0.276219445096268
"TCGA-AZ-4615-01",0.37745162208218,0.383604798915767,0.157810759944729,0.0171019605057633
"TCGA-AZ-4616-01",0.0762177539919753,0.00484428163527378,-0.536854619866547,0.254419777105449
"TCGA-AZ-4682-01",-0.390272243171981,-1.00539671115766,-0.2744199441339,-0.0704784225913203
"TCGA-AZ-4684-01",0.537966002553268,0.362500212909651,0.788870693131518,0.440688768611635
"TCGA-AZ-5403-01",0.81209362806513,0.4044968418733,0.65098822341047,0.361731485268851
"TCGA-AZ-5407-01",-1.12594133114912,-1.90176439071262,-1.00707593377309,-0.191483773824105
"TCGA-AZ-6598-01",-0.0691353352978583,0.245718961568791,-0.799504781195051,-0.216007670608594
"TCGA-AZ-6599-01",-2.08022841856845,-3.02281656020427,-1.99709446938935,-0.693849651087503
"TCGA-AZ-6600-01",0.752383116903044,0.968688026886773,0.517578577927159,0.245955196399093
"TCGA-AZ-6601-01",0.230618068061358,0.533631966681078,0.0175238218757619,0.159581688598328
"TCGA-AZ-6603-01",0.447435762212426,0.589969385597032,0.720996726070256,0.060293574212505
"TCGA-AZ-6605-01",1.39210225068499,1.38308966887327,1.62472574482017,0.576734696488181
"TCGA-AZ-6606-01",-1.16747975234353,-0.982798138769697,-0.954446024281909,-0.258045281545954
"TCGA-AZ-6607-01",1.64458099443348,2.23409334905812,1.59451440839642,0.939537980729242
"TCGA-AZ-6608-01",-1.82076900720666,-2.22492978180474,-2.16656272851518,-0.699430736804623
"TCGA-CA-5254-01",0.0736927493388759,0.390731171972598,0.283924099998745,-0.488509966895993
"TCGA-CA-5255-01",-1.09312760913374,-1.08864182540128,-1.34919431130813,-0.236650842504217
"TCGA-CA-5256-01",-0.449806800606755,-0.572082343937412,-0.00264182351187824,-0.148681426865801
"TCGA-CA-5796-01",-1.19922515985649,-1.59443644077557,-0.812419006298364,-0.264546728050909
"TCGA-CA-5797-01",0.0945674485154538,0.141442319852467,0.199431259899234,-0.167994630354045
"TCGA-CA-6715-01",-0.547028317541205,0.29035428690421,-0.722169733782396,-0.433016235889739
"TCGA-CA-6716-01",-0.0291939995068994,0.375696802691833,0.339895091257822,-0.414794045919013
"TCGA-CA-6717-01",0.767467684735707,0.501876596366563,1.07653280528791,0.367043506429552
"TCGA-CA-6718-01",0.17277198867592,0.636308192241297,-0.158344917090228,0.0950280952834505
"TCGA-CA-6719-01",0.737447625855296,0.64541301656901,0.533613948967376,0.272976179297065
"TCGA-CK-4947-01",0.253278145853728,0.0750488375862925,0.790206254216434,0.142025762561453
"TCGA-CK-4948-01",0.673587583031464,0.877946597606531,0.658610081134656,0.354801281681709
"TCGA-CK-4950-01",0.0810170645611571,-0.120269832203085,0.0435540588876191,0.400126207193493
"TCGA-CK-4951-01",0.923985777098851,0.859504664029451,0.859854870802207,0.381270414312056
"TCGA-CK-4952-01",-0.447029883047406,-0.707570476029972,-0.710809556040731,-0.0578049258137992
"TCGA-CK-5912-01",-0.252090165717636,-0.7336330575144,-0.0411101952354175,-0.447368011539028
"TCGA-CK-5913-01",0.355319740041544,0.548496119620431,0.157858576963147,0.362509587412848
"TCGA-CK-5914-01",-0.00246420910221767,0.273452416261575,0.171767425766472,-0.00845629918554768
"TCGA-CK-5915-01",-0.899949597671165,-0.641679362240919,-0.751360612500397,-0.566162052893486
"TCGA-CK-5916-01",0.081434223403078,0.319443273815163,0.0448389420539418,0.0450478274851648
"TCGA-CK-6746-01",-1.03348302225591,-0.768689125754189,-1.88633875423364,-0.280445442926014
"TCGA-CK-6747-01",-0.185728244053831,-0.207465866450575,0.120711605345386,-0.0537054409770056
"TCGA-CK-6748-01",1.13889535272039,1.49056243263014,0.815797447147637,0.486890546001723
"TCGA-CK-6751-01",0.493465492501804,0.656414736272491,0.549987315877121,0.163881503337912
"TCGA-CM-4743-01",-0.369375966656734,-0.222625083867704,-0.548543094496792,0.110376752391269
"TCGA-CM-4744-01",-1.2056851714713,-1.61292614126566,-1.25223360002423,-0.105628165858203
"TCGA-CM-4747-01",0.0388755498803551,-0.178597522758602,-0.00477241442472569,-0.0940288393761011
"TCGA-CM-4751-01",0.127638597797072,0.207879179523295,0.347081011963459,0.301785339140718
"TCGA-CM-5344-01",0.767022307815914,1.1600046456593,0.585924410866606,0.00770742368531012
"TCGA-CM-5348-01",1.05978454202638,1.01752186298774,1.15927006832807,0.526967449037949
"TCGA-CM-5349-01",0.793103414473518,0.659506503522381,0.431797286377032,0.175920119598883
"TCGA-CM-5860-01",1.1777730207997,0.92049602599722,1.32606891304232,0.365280549952757
"TCGA-CM-5861-01",-0.594516567846007,-0.435881727666791,-1.24645432132608,-0.134003743008206
"TCGA-CM-5862-01",-0.0346669650382774,-0.360008351828988,0.0300656885891394,-0.134215249834446
"TCGA-CM-5863-01",0.646719022635976,0.908044190032192,0.756289881970017,0.46009231845081
"TCGA-CM-5864-01",-0.566185033142809,-1.22989094114666,-0.227054349155973,-0.157957951323002
"TCGA-CM-5868-01",0.26543681593834,0.392333346143041,0.279904576331564,-0.125957622981135
"TCGA-CM-6161-01",0.0665117426674903,0.00348857189252437,0.340006086833935,-0.127137308890736
"TCGA-CM-6162-01",1.56890035426581,1.56802693873403,1.67464586849747,0.76341428231234
"TCGA-CM-6163-01",0.153085526727206,-0.0868909973774097,0.735582953856862,-0.00932017237722455
"TCGA-CM-6164-01",0.0232765117683537,-0.0447717068156179,-0.172268883529976,0.026569395100528
"TCGA-CM-6165-01",0.435331368271937,0.185489918059782,0.836256740190713,0.0583810735673946
"TCGA-CM-6166-01",-0.0985237956795574,0.185617135491866,0.0175107505394916,-0.407097148420603
"TCGA-CM-6167-01",1.27103551851327,1.20595571345541,1.86362575386801,0.301543530592176
"TCGA-CM-6168-01",1.14697722630847,1.07484994159761,1.37981601323098,0.6111387187253
"TCGA-CM-6169-01",0.993051172069956,0.548752463504462,1.26667157419625,0.518225067902452
"TCGA-CM-6170-01",0.27820589869615,0.432854685216024,0.647333171826956,0.0553024383907484
"TCGA-CM-6171-01",-0.247159337687686,-0.514049143732939,-0.138765577282288,-0.00997372956444127
"TCGA-CM-6172-01",0.197457539515811,-0.0550302761469908,0.640227306382746,-0.176863454471896
"TCGA-CM-6674-01",0.377742598420504,0.724206026134741,0.246349230736442,0.136942712284564
"TCGA-CM-6675-01",-0.558223813672469,0.119584105276412,-0.609210265962619,-0.37411875725979
"TCGA-CM-6676-01",0.227749767777577,0.128143296278146,0.584427011610479,-0.050848965533941
"TCGA-CM-6677-01",0.296011220542878,0.313409817597956,0.663423827181014,0.0452432037185639
"TCGA-CM-6678-01",0.0237581630928617,-0.33499489305601,-0.0552748755161672,-0.0356994452639337
"TCGA-CM-6679-01",1.00165511652174,1.17471271626199,1.05125670285778,0.143009420970004
"TCGA-CM-6680-01",0.496865521438097,0.279400210387678,0.591993215490656,0.386399286937944
"TCGA-D5-5537-01",0.133838616770418,0.381430455809144,0.353798147918877,-0.374443016344478
"TCGA-D5-5538-01",0.662044895589752,0.578277038741781,0.385433392138071,0.525674794238137
"TCGA-D5-5539-01",0.620577234746006,0.536877988050237,0.681423005260734,0.242100402609696
"TCGA-D5-5540-01",-0.20925528560383,-0.468146226157212,-0.552857912862779,-0.11710198115763
"TCGA-D5-5541-01",0.346682347369619,0.0709855704295985,0.301420128861445,0.134409140065489
"TCGA-D5-6529-01",0.925370316912616,1.12435072686525,1.11833786375507,0.491770471075382
"TCGA-D5-6530-01",-0.253373511944794,-0.0914861792482437,-0.318866886961107,0.154403346018495
"TCGA-D5-6531-01",0.0156599704746887,0.696922901874575,0.0211542744415022,-0.0110736880158768
"TCGA-D5-6532-01",-0.700287702635618,-0.449121492378085,-0.649528495659235,-0.724649164237104
"TCGA-D5-6533-01",-0.169207687232465,0.0228262681350729,-0.0154753188268075,-0.163016787568642
"TCGA-D5-6534-01",1.61658821201923,1.52898805040352,1.7728951531148,0.734363571806089
"TCGA-D5-6535-01",-0.25387400185634,0.111056092000645,0.358442263364802,0.153526721008529
"TCGA-D5-6536-01",0.63558767986495,0.852662198782955,0.0377704508690764,0.490491700318122
"TCGA-D5-6537-01",-0.662846387648224,-0.200411756755677,-0.863509134681921,-0.0208261152507049
"TCGA-D5-6538-01",-1.06497194997522,-0.786031288317451,-0.911068364202807,-0.730890976513594
"TCGA-D5-6539-01",-0.690531738101872,-0.635346166505254,-0.0902465871759283,-0.115492185579438
"TCGA-D5-6540-01",0.204974803991798,0.725843213725754,0.0852788010281562,0.372357031180931
"TCGA-D5-6541-01",0.809960037711971,1.02093916910192,0.829438660038819,0.0427601573262949
"TCGA-D5-6898-01",0.417207282097197,0.175681641760324,0.401769425412476,0.205368285663728
"TCGA-D5-6920-01",-0.132953818031284,-0.236977375940294,-0.0205056218085957,0.531809120945303
"TCGA-D5-6922-01",0.578149375295222,0.627442881607611,0.697262111401514,-0.036691035943634
"TCGA-D5-6923-01",1.12854844627036,1.32075436562317,1.33535072219,0.414706060503417
"TCGA-D5-6924-01",0.866058228432648,1.32620771628337,1.14433926164265,0.268922055690701
"TCGA-D5-6926-01",1.06479514061391,1.45837606172691,0.949159990573998,0.307673191786237
"TCGA-D5-6927-01",0.514301204020701,0.931540446555071,0.239339210588326,0.521242583016797
"TCGA-D5-6928-01",0.853512052379076,0.991223408657346,1.04715146468607,0.523391782770373
"TCGA-D5-6929-01",0.692211279923994,1.1401394059665,0.561420780957986,0.0342744205452489
"TCGA-D5-6930-01",0.70346736445863,0.600649616098397,0.456162909811979,0.300051053822512
"TCGA-D5-6931-01",0.247983568354739,0.430934831141317,0.268554059018408,0.0990950493307992
"TCGA-D5-6932-01",0.464798538339179,0.67294749311546,0.163543751620963,0.278284723530593
"TCGA-D5-7000-01",0.330136045522458,0.544397464281517,0.385361971283154,0.261068135730188
"TCGA-DM-A0X9-01",-0.45239927858582,-0.521484819507173,-0.40093017938343,-0.425616802716393
"TCGA-DM-A0XD-01",-0.0553192387325525,0.275257483884251,-0.26785934899135,-0.00516897958327376
"TCGA-DM-A0XF-01",-0.00534191527006021,-0.0758311142147461,-0.0563938556871028,-0.191198500012408
"TCGA-DM-A1D0-01",-1.57330402438766,-1.45944672341033,-1.76258224609456,-0.855114954172756
"TCGA-DM-A1D4-01",-1.3830617124865,-1.79867304601628,-1.71494688662811,-0.508855327370662
"TCGA-DM-A1D6-01",-1.04744881235917,-1.20389827443689,-1.16551368260491,-0.667941764962804
"TCGA-DM-A1D7-01",-0.496201377744177,-0.946626632401856,-0.578851489567924,-0.132698078872268
"TCGA-DM-A1D8-01",-0.776558685575832,-1.00919801517335,-0.489061923047356,-0.618532418325946
"TCGA-DM-A1D9-01",-0.585572021439241,-0.636799619922314,-0.385100551662962,-0.348982167017728
"TCGA-DM-A1DA-01",-1.02298446357631,-0.728036140432278,-1.45447245680424,-0.890710344910528
"TCGA-DM-A1DB-01",-1.57487484947774,-1.45565351357968,-2.2682753528163,-0.638943177134075
"TCGA-DM-A1HA-01",-2.22038046527907,-1.89252487025635,-2.76031233759992,-0.821121156276596
"TCGA-DM-A1HB-01",-0.421611840869273,0.093043089274757,-0.787222270258363,0.155212114320969
"TCGA-DM-A280-01",-0.0638421625124957,0.328461766513636,-0.575184459928957,-0.00714653926129154
"TCGA-DM-A282-01",-0.215009192804628,0.114019621520057,-0.0280978661969806,-0.46880627920591
"TCGA-DM-A285-01",0.28669157348331,0.58523298414079,0.178579845141587,-0.383390163762017
"TCGA-DM-A288-01",-1.0883428334938,-0.683655132768543,-1.58289122436055,-0.72342558397322
"TCGA-DM-A28A-01",0.288560811117489,0.858242046123919,0.0399223232673248,-0.2151518347283
"TCGA-DM-A28C-01",-0.956215218802509,-0.850668622927883,-0.917064684181599,-1.01467465621124
"TCGA-DM-A28E-01",-1.7751834045796,-2.06638232350947,-1.26416166914612,-0.71623129464877
"TCGA-DM-A28F-01",-0.562845529140769,-0.625624671568711,-0.845730666412857,-0.406318372158757
"TCGA-DM-A28G-01",-0.626718100948881,-1.05561220564061,-0.24597025715571,-0.304165838393111
"TCGA-DM-A28H-01",-1.02392131512749,-0.964243237921539,-1.02952983041766,-0.794556092476132
"TCGA-DM-A28K-01",-0.464965157805074,-0.665541352912607,-1.03024637101466,-0.465200169497153
"TCGA-DM-A28M-01",-1.41028020591642,-1.0218826740903,-2.23287631402976,-0.538229338527951
"TCGA-F4-6459-01",0.67693173923544,0.98064250438549,0.680971985151785,0.280637531055137
"TCGA-F4-6460-01",0.587457721557048,0.297384745339045,0.568716263143272,0.0690646122063736
"TCGA-F4-6461-01",0.494742909023908,0.586355361059242,0.594788093971902,-0.0175884231086521
"TCGA-F4-6463-01",0.649938016437261,0.628646126031781,0.828300206645435,0.16561160535871
"TCGA-F4-6569-01",1.52868306335685,2.00824537512844,1.91341661708168,0.474356940243221
"TCGA-F4-6570-01",0.785381984972621,1.3113762378747,0.443400083968185,0.307334706710178
"TCGA-F4-6703-01",1.85986779184016,2.27019388347733,1.9722058559583,1.02014858784123
"TCGA-F4-6704-01",1.3629336254959,1.30513549324955,1.5422959987143,0.114963549990534
"TCGA-F4-6805-01",0.97182043704268,1.29202415850329,1.02921888683405,0.587398418165371
"TCGA-F4-6806-01",0.165517215265497,-0.0450287599622909,0.184018880683664,0.0407393965350025
"TCGA-F4-6807-01",1.03876712940301,0.980688149405001,1.42232047634984,0.487145142862917
"TCGA-F4-6808-01",-0.662947932523786,-0.685626703240063,-0.675389621873541,-0.332201476525192
"TCGA-F4-6809-01",0.388577980540853,0.153183341723418,0.85479228634098,0.376512214724827
"TCGA-F4-6854-01",0.306648704124669,0.165008590717472,0.292856395877881,0.0326609172326065
"TCGA-F4-6855-01",1.16405747535888,1.71936975037006,1.16167221263014,0.178641114989707
"TCGA-F4-6856-01",-0.299060437209311,-0.0505577410884333,-0.567927390970849,-0.318009548471747
"TCGA-F4-6857-01",0.811082420758826,0.978163031604483,0.692363715258413,0.4275000310883
"TCGA-G4-6293-01",-0.227789876164084,-0.538528044705603,-0.119636897189069,0.237309194220467
"TCGA-G4-6294-01",-0.537138343290762,-1.02421931740661,-0.0631095522854424,-0.186186165916427
"TCGA-G4-6295-01",-0.717294816858347,-0.859937688341129,-0.521438336532084,-0.272304366544372
"TCGA-G4-6297-01",1.01312964353576,1.46365723841058,1.07427376764477,0.344125320502597
"TCGA-G4-6298-01",0.198293468168961,0.636446929742609,-0.14976171671446,-0.231944160659169
"TCGA-G4-6299-01",0.263468945641609,0.810497410944747,0.47147485270034,0.082273767473567
"TCGA-G4-6302-01",1.39582924250487,1.70197725151689,1.38707184699282,0.561748559475908
"TCGA-G4-6303-01",0.306965725595274,0.164495996246413,0.455273575672205,0.211063492193127
"TCGA-G4-6304-01",-1.63560438114414,-0.989917613424416,-2.56648500046699,-0.725023860964444
"TCGA-G4-6306-01",-1.84243565927172,-2.14482032983505,-2.09321659868214,-0.480168733919864
"TCGA-G4-6307-01",-0.824915982442005,-1.20741402538776,-1.13129137700123,-0.698160460780702
"TCGA-G4-6309-01",-0.494992881770161,-0.581526243540706,-0.744373845537281,0.0251657564104617
"TCGA-G4-6310-01",0.181306728583204,-0.248068509674595,0.0689817318166582,-0.496898523583437
"TCGA-G4-6311-01",0.794179228788463,1.19550086843205,0.599686776547797,0.193066062613481
"TCGA-G4-6314-01",1.14063968846526,1.28034439148503,1.08385572150912,0.216095700097873
"TCGA-G4-6315-01",-1.41762492746073,-0.974764607752737,-1.34117944651651,-0.594751443707415
"TCGA-G4-6317-01",-1.4897415391238,-1.30386267916636,-1.51091374538931,-0.963565813285919
"TCGA-G4-6320-01",-0.775160076413456,-1.16550146101019,-1.05977792292058,-0.37522000559783
"TCGA-G4-6321-01",-1.7457546338293,-1.90511268083049,-0.964752446325609,-0.13127225639898
"TCGA-G4-6322-01",-0.0231882536384998,-0.570907645069044,-0.229974169035795,0.297877185624315
"TCGA-G4-6323-01",-1.30536877083094,-1.85742804024699,-0.953710075758104,-0.369313811918017
"TCGA-G4-6586-01",-1.36966450856572,-1.24839138844259,-2.20905257448904,-0.345357009539041
"TCGA-G4-6588-01",0.15231214247281,0.286413223234027,-0.437301044541789,0.0795692524642958
"TCGA-G4-6625-01",0.412394919952265,0.0784812142564564,0.563929746599217,0.270840200541617
"TCGA-G4-6626-01",-0.813263663021198,-0.395535804417254,-1.07451758230113,-0.259048183327611
"TCGA-G4-6627-01",0.657232051801949,0.497758335192761,0.661704198608548,0.641867079727655
"TCGA-G4-6628-01",-0.184142411007972,-0.261185496604357,0.110875112516851,0.165977327577017
"TCGA-NH-A50T-01",-0.712523068003125,-0.442353554003987,-0.806819559614769,-0.499992725954416
"TCGA-NH-A50U-01",-0.249920931288657,-0.0124071595778528,-0.496491188777873,-0.417612458582985
"TCGA-NH-A50V-01",0.546649317523128,0.311256647760241,0.697514317107398,0.281500865135143
"TCGA-NH-A5IV-01",-0.347917011204347,-0.030445621636217,-0.757920336925557,-0.164018462481035
"TCGA-NH-A6GA-01",-0.344758617804748,-0.784993447673477,0.0501867273318748,-0.145974717508279
"TCGA-NH-A6GB-01",-0.417645370609794,-0.129902418684209,-0.035139881006153,0.0498922718681324
"TCGA-NH-A6GC-01",0.660497071045238,0.765673957546675,0.464582343782694,-0.45572076491058
"TCGA-NH-A8F7-01",-1.38034534509019,-1.18576380176805,-1.36459641293573,-0.721647828262058
"TCGA-NH-A8F8-01",0.270003434228527,0.438697244744464,0.00220349632540955,-0.0787459557939855
"TCGA-QG-A5YV-01",-0.678021942456092,-0.853141836196975,-0.74820570388586,-0.291939265765446
"TCGA-QG-A5YW-01",-0.0657109318435345,0.00191703530364656,-0.0730107734572466,0.0000734019801211075
"TCGA-QG-A5YX-01",-1.48756919939399,-1.44852070942597,-1.48053306973631,-0.563984301886033
"TCGA-QG-A5Z1-01",0.342857532266902,-0.0306086436587235,0.240958119966801,-0.148318255148343
"TCGA-QG-A5Z2-01",-1.09650961332162,-1.59932376752418,-1.36102119413204,-0.188515273108635
"TCGA-QL-A97D-01",-0.901555697184151,-1.5490993281857,-0.802309008978462,-0.105291468173291
"TCGA-RU-A8FL-01",-2.23916760178265,-2.95057323158948,-2.75318730222038,-0.89868050302543
"TCGA-SS-A7HO-01",-0.979884609998184,-0.974410341100489,-1.13616912419937,-0.788727271231078
"TCGA-T9-A92H-01",-1.00835400925039,-0.686523048193597,-0.876174669809454,-0.554141229907919
"TCGA-WS-AB45-01",2.20734759113183,2.60686648863057,2.18191129950268,0.829558219583474
"TCGA-AF-2687-01",1.3394339058474,1.33990873407082,1.454642649947,0.585002216582136
"TCGA-AF-2690-01",1.34609466224535,0.967451707869844,1.60909656175126,0.908705057895254
"TCGA-AF-2693-01",0.0298578223189141,-0.230449420076712,0.0161526208468078,0.264040083095503
"TCGA-AF-3911-01",0.363832979919646,0.068944814477866,0.356886441904994,0.225416575964959
"TCGA-AF-4110-01",0.688284983807163,0.242356954769448,0.603789278534766,0.565882332250585
"TCGA-AF-5654-01",-0.602058311133195,-0.56091130776618,-0.552665731275501,-0.212387793458185
"TCGA-AF-6136-01",-0.570563212709641,-0.959636622339715,-0.0999529923578487,-0.294113694982024
"TCGA-AF-6655-01",0.886818470911052,1.41315745898178,1.17748917748204,0.378987066245666
"TCGA-AF-6672-01",-0.511985339324937,-0.633414454417367,-0.358406205474994,-0.141157508527128
"TCGA-AF-A56K-01",0.795081005762924,0.49484127058762,0.960471198154514,0.548584904336454
"TCGA-AF-A56L-01",0.175849167644468,0.331514847802207,0.161421967684153,-0.103709244506532
"TCGA-AF-A56N-01",0.469586883607506,1.05063994795482,0.589419076060744,0.155595350943331
"TCGA-AG-3591-01",-0.342380979743074,-1.40357191683256,-0.678381660774782,-0.0706128850035411
"TCGA-AG-3592-01",0.0385102527979541,-0.267198414453863,0.200336958664914,0.150287176175324
"TCGA-AG-3725-01",-1.05505885975554,-1.62702716840276,-0.980031327803608,-0.2545105725993
"TCGA-AG-3731-01",1.01489134725768,1.20433733924436,1.19183657147119,0.782392396637526
"TCGA-AG-3732-01",-0.723175797006283,-1.35589193239466,-0.134788003807109,-0.0882018438147136
"TCGA-AG-3742-01",0.114949618199873,0.278554198763174,0.340136222603426,-0.0504382031740205
"TCGA-AG-3902-01",-0.582465255753089,-0.978376299358239,-0.230010869874811,0.178806115246669
"TCGA-AG-4021-01",0.616602039214552,0.776466749111796,0.340658987018255,0.184987522783353
"TCGA-AG-4022-01",0.698360647157426,0.256878328477833,0.733116485786737,0.452791476674394
"TCGA-AH-6544-01",-1.45340786751801,-0.826909765819094,-1.10588269777998,-0.685961371917618
"TCGA-AH-6547-01",0.60311305755676,0.416631566151819,0.846097962418114,0.447350504602322
"TCGA-AH-6549-01",0.433294649647402,0.56794879964174,0.655788053569954,0.0719964771825272
"TCGA-AH-6643-01",-0.284395960214415,0.0971749199550833,-0.503557246282905,-0.0176807949389699
"TCGA-AH-6644-01",0.706318250388246,1.08052483815106,1.06450468840969,0.270536863134954
"TCGA-AH-6897-01",-0.916760418815179,-0.22407683198885,-0.79264276956732,-0.542008560411929
"TCGA-AH-6903-01",-0.972921557367211,-1.03351968532521,-0.613574475480975,-0.364844577296927
"TCGA-BM-6198-01",0.529430930698253,0.541645161580445,0.379109901618727,0.620377981988094
"TCGA-CI-6619-01",0.0110428223873364,-0.432055420435096,0.052284156489791,0.260292069191651
"TCGA-CI-6620-01",0.00624994461532152,0.166926897860782,0.33782864613698,-0.132058167951702
"TCGA-CI-6621-01",0.567101160022437,0.366504836730503,0.529473465080983,0.520591179022137
"TCGA-CI-6622-01",-0.615669428089319,-0.180673920351849,-0.526560467841414,-0.0775093632906292
"TCGA-CI-6623-01",-0.0188688498397636,-0.00440126152620284,0.0629239694742893,0.0227099301546146
"TCGA-CI-6624-01",0.515990508031539,0.456026970190788,0.553774988529003,0.293042301211565
"TCGA-CL-4957-01",-0.0615721199596577,0.107612912151887,0.040822395263183,-0.315915138544595
"TCGA-CL-5917-01",-0.00288734232858446,0.385900390268408,0.171849487787632,-0.105264956031255
"TCGA-CL-5918-01",-1.02290232894658,-1.42014086795056,-0.944361516382458,-0.235395712184089
"TCGA-DC-4745-01",0.0200498744955809,-0.741902229009336,0.0136951201435217,-0.0362190291591563
"TCGA-DC-4749-01",-0.317725359595889,-0.0896015470129639,-0.0409931928814883,-0.20149663310021
"TCGA-DC-5337-01",-0.204535776106297,-0.464836983666435,0.136518978143355,0.0267468163938012
"TCGA-DC-5869-01",0.353901719062499,-0.178075875472652,0.511516593720691,0.0352636076324
"TCGA-DC-6154-01",-0.298757217584065,0.217617316372828,-0.228076471275633,-0.19001912073301
"TCGA-DC-6155-01",0.0663983512236222,-0.70296437264354,-0.486200876424548,-0.400197620512933
"TCGA-DC-6156-01",1.03091879138744,1.39908717297087,1.29440055211643,0.420921337715853
"TCGA-DC-6157-01",-0.272224676863399,-0.0302476380994519,-0.0315425852920245,-0.236955013005642
"TCGA-DC-6158-01",1.02965941888083,1.17077689069528,1.52021325571196,0.432826222394769
"TCGA-DC-6160-01",-0.438507996029702,-0.800206305273421,-0.352020139333191,-0.134770980320573
"TCGA-DC-6681-01",0.385709129463397,0.0757556751969972,0.886736286380058,0.0623156317727172
"TCGA-DC-6682-01",-0.733351149569938,-0.286084744734078,-0.877214233598954,-0.397968378182487
"TCGA-DC-6683-01",-0.050964804358144,0.121568220687973,0.181227824572664,-0.112300502222685
"TCGA-DT-5265-01",0.745571213956971,1.23322127931248,0.37537444373939,0.287167432571666
"TCGA-DY-A0XA-01",-0.321394708928847,0.191002841624797,-0.355583865834824,-0.49852269767052
"TCGA-DY-A1DC-01",0.322198644398702,0.11205398739659,0.0335199376207388,-0.0535331515594885
"TCGA-DY-A1DD-01",-0.524480714566296,-0.854243190500717,-1.26122872618427,-0.519820735423255
"TCGA-DY-A1DE-01",0.0795906143272925,-0.357341915769481,-0.755985827890465,-0.225042968771358
"TCGA-DY-A1DF-01",-0.618302483089645,-0.551055364351897,-1.09995622032031,-0.600442545358688
"TCGA-DY-A1DG-01",-1.36360223238072,-1.88176429051089,-1.57895809759659,-0.555824220174324
"TCGA-DY-A1H8-01",-1.71124491883846,-1.90978425836597,-1.93406630678021,-0.740225192771853
"TCGA-EF-5830-01",-0.799937753291794,-1.00556094565744,-0.630466640282325,-0.364351605419382
"TCGA-EF-5831-01",0.22451581065459,0.401044991464725,0.414777404750278,-0.166189879819721
"TCGA-EI-6506-01",-0.114862914791853,-0.337267107274032,-0.0754436611403328,0.279597342855629
"TCGA-EI-6507-01",0.900070302381813,1.32438654002001,0.190703863256496,0.639918545200402
"TCGA-EI-6508-01",-0.400120371730203,-0.0252663735169058,0.0807987181555995,-0.21861430600181
"TCGA-EI-6509-01",0.16888591552886,0.747624817643007,-0.127401527937549,-0.34293979357665
"TCGA-EI-6510-01",-1.60712671621083,-1.78292842600951,-1.58567357568212,-0.358352700059481
"TCGA-EI-6511-01",0.500369581592034,0.79995008384667,0.465323409036321,0.491057489835175
"TCGA-EI-6512-01",-0.401723198580671,0.0396236962830998,-0.0491234981043957,0.0100185254956296
"TCGA-EI-6513-01",0.0376645776645502,0.270586139427947,-0.335726649887731,-0.222657368786524
"TCGA-EI-6514-01",0.306516426488367,-0.426327471798864,0.305810809037228,-0.124691541221413
"TCGA-EI-6881-01",-0.662662133432893,-0.818411872897694,-0.592734543331685,0.150295509370749
"TCGA-EI-6882-01",-0.4379869920541,-0.411583808940814,-0.00863803145028592,-0.00287565587915571
"TCGA-EI-6883-01",-0.285676877072513,-0.184203250606161,-0.634433045432835,-0.190147529965899
"TCGA-EI-6884-01",0.359492272873679,0.279500813410764,0.786504629428784,0.179442960326038
"TCGA-EI-6885-01",0.929139321020554,0.810313659633008,0.617338434969321,0.736895156961316
"TCGA-EI-6917-01",0.717512787074924,0.935354815219637,0.657879442907438,0.25714343594474
"TCGA-EI-7002-01",0.292325836165479,0.650992140493329,0.531512953366361,0.0320886515246329
"TCGA-EI-7004-01",1.82048659777741,1.73161043636236,2.19389808145978,0.739322705782243
"TCGA-F5-6464-01",1.3898026008611,1.41148015407608,1.04779613740514,0.640813674400582
"TCGA-F5-6465-01",1.15759654558608,1.081610563663,1.34486628541581,0.408096136016476
"TCGA-F5-6571-01",0.693343271697798,0.468225134727616,1.00028083720453,0.0655671188041978
"TCGA-F5-6702-01",1.72339528568091,2.34615305505626,1.7494570910292,0.384664874196889
"TCGA-F5-6810-01",0.846099457409266,0.968044760130282,0.906715695193045,0.134979929781378
"TCGA-F5-6811-01",1.04544126779117,1.54933036276274,1.53888666567667,0.264222725627209
"TCGA-F5-6812-01",0.827501594050365,0.482878721258618,0.718819279186606,0.317232338159542
"TCGA-F5-6813-01",0.289483394586622,0.20792165696196,0.112052509944033,-0.086837062154382
"TCGA-F5-6814-01",-0.214445274975782,0.0173522626624538,-0.668350895126826,-0.0651957766886431
"TCGA-F5-6861-01",-0.233420461127487,0.0443132071897945,-0.32429072719319,-0.199010162046481
"TCGA-F5-6863-01",-0.12238680173388,-0.3905561076943,-0.543870381916719,-0.518941496549883
"TCGA-F5-6864-01",0.834847641190597,1.00852514306107,0.97169011381493,0.0859554919648145
"TCGA-G5-6233-01",-0.120977290301428,-0.116787883130186,-0.417390531105032,0.03667267956617
"TCGA-G5-6235-01",-1.62524807934515,-1.7143297546906,-1.40054857154985,-0.605781819309405
"TCGA-G5-6572-01",0.167105111581819,0.866084857752233,1.15222793619643,-0.100935478800508
"TCGA-G5-6641-01",-2.02514643983077,-2.0928635360964,-1.82607460977492,-0.646203487397821
